1,48.8634,2.33333
67,48.9941,8.40034
92,45.4874,9.20505
99,50.8234,-0.138535
120,50.6234,3.03522
157,48.8429,2.32601
164,50.0998,8.65855
167,43.2069,2.36377
172,49.0133,2.54093
175,50.9018,4.48095
188,41.3883,2.15983
198,51.2541,8.70612
204,41.3835,2.18065
205,43.6931,7.28051
215,50.0462,8.57346
281,49.0133,2.54093
354,50.0506,8.57174
359,50.051,8.58547
466,41.3851,2.16686
506,43.3188,-1.98419
511,41.3851,2.17513
521,51.1555,4.41393
527,48.7286,2.36741
532,48.8037,9.22125
538,48.8517,2.33834
546,49.0133,2.54093
552,51.157,-0.17561
575,49.0026,2.56233
599,49.0133,2.54093
607,43.5494,7.0271
623,49.0047,2.5666
628,46.8012,9.81506
661,51.1851,0.81703
726,51.2616,0.53485
744,45.5077,9.09964
756,50.9038,-1.40642
776,48.6903,9.19262
778,45.4749,9.20621
791,48.8957,9.19283
792,49.0045,2.57042
830,49.0144,2.54179
884,49.0133,2.54093
918,50.7418,-1.86527
933,50.8978,4.48291
1049,50.1078,8.65818
1071,48.8911,2.40441
1111,48.6572,9.22643
1129,45.4886,9.2032
1135,48.69,9.1927
1137,48.8433,2.32045
1159,45.458,9.17757
1174,49.0062,2.57724
1187,45.0433,3.88387
1193,48.7816,9.15951
1211,49.6385,8.46801
1212,48.3382,7.87263
1228,51.1891,6.82101
1231,47.4046,8.57193
1242,48.8739,2.30012
1247,48.8939,2.38682
1265,49.5928,8.63929
1281,50.9461,5.27723
1286,49.0042,2.57824
1291,47.3703,8.51969
1295,45.488,9.157
1310,50.9449,5.28489
1335,51.157,-0.17561
1351,50.0487,8.56082
1394,49.4536,8.49346
1403,50.9426,5.79083
1441,48.8814,2.35449
1455,50.1067,8.66514
1463,47.9905,7.85191
1471,50.7801,5.4337
1474,50.9434,6.95817
1492,47.9993,7.84306
1513,51.2606,6.73924
1529,49.4448,7.58733
1570,45.6217,9.17394
1604,51.2246,4.40461
1605,51.1499,4.43187
1631,50.1212,8.64943
1656,48.8901,2.38281
1657,41.3797,2.16823
1671,49.1034,6.1797
1679,49.1663,9.7893
1719,50.9383,6.94052
1730,47.0506,8.30137
1770,48.7845,9.18258
1795,49.0133,2.54093
1813,46.9998,9.50527
1842,48.0911,6.95036
1845,50.8779,7.26988
1850,50.9042,6.94514
1864,50.0462,8.57346
1878,51.1561,-0.161653
1900,41.3748,2.18951
1901,50.9261,5.34652
1916,50.6703,-1.50825
1955,47.6513,9.18109
1994,51.2066,3.22272
2022,50.122,8.6501
2027,48.5357,9.28038
2043,51.1926,7.01177
2048,49.0026,2.56233
2050,50.0709,8.2435
2089,51.0048,3.4812
2096,51.2149,-0.796536
2113,50.9396,6.93958
2116,47.4315,9.38121
2117,51.0053,5.58492
2139,43.2388,6.66413
2159,50.8624,9.72024
2165,51.1968,6.81229
2169,48.8601,2.33683
2181,49.5371,8.07614
2204,47.3647,8.55437
2205,48.9461,9.42965
2218,48.8918,8.70062
2232,48.9487,9.13801
2251,50.948,6.94471
2253,47.3675,8.53762
2343,48.7745,9.17267
2351,43.73,7.36185
2357,49.4694,8.48368
2367,50.5392,7.11175
2371,50.5393,7.11167
2378,51.127,-0.017151
2433,51.2507,-1.11251
2434,50.0462,8.57346
2475,41.5496,2.10294
2660,50.0522,8.58667
2890,50.8797,7.11719
3165,50.0462,8.57346
3301,43.6991,7.26554
3580,50.8099,8.77137
3588,43.4246,6.76634
3676,48.5457,7.62752
3678,50.1929,8.66301
3683,49.6522,6.08121
3751,50.8867,4.4518
3804,49.305,8.62864
3837,49.0133,2.54093
3911,45.4711,9.18453
3919,48.8708,2.34107
3987,46.2009,6.1437
3990,41.3836,2.17107
4068,50.1315,8.57282
4110,49.0133,2.54093
4260,41.3894,2.16004
4272,48.566,7.86917
4286,49.0033,2.57722
4361,50.8405,4.40143
4362,48.8404,2.32478
4398,50.0462,8.57346
4427,50.5551,9.68528
4432,41.3749,2.07241
4467,48.892,2.34704
4508,51.0607,-1.31865
4513,50.7356,-1.99099
4521,50.8355,4.33595
4535,50.8227,-0.146086
4570,50.8223,-0.141261
4589,50.9979,-0.411688
4604,49.0047,2.5666
4633,50.8255,-0.139089
4636,50.8204,-0.139201
4650,50.9423,6.97749
4670,47.2507,8.62485
4698,50.0462,8.57346
4727,49.0068,2.57484
4770,50.9384,6.96113
4790,50.794,-2.98298
4802,51.0474,0.513356
4803,41.4358,2.16132
4808,47.9948,7.84653
4900,51.0509,-2.4186
4958,50.6795,-3.49402
5242,50.9066,4.52169
5258,43.741,7.42867
5317,50.9965,-3.98277
5351,48.8752,2.35087
5353,51.157,-0.17561
5406,50.0462,8.57346
5409,50.8201,-0.139902
5424,48.8426,2.32827
5431,50.7248,-3.5324
5439,47.4533,8.56422
5454,43.2069,2.36377
5515,46.2359,6.10909
5547,48.8341,2.25795
5568,46.8098,9.83964
5786,50.0462,8.57346
5787,47.9926,2.73283
5857,51.2095,3.22387
5859,46.5157,-0.652793
5860,49.0133,2.54093
5893,41.2948,2.07899
5917,50.9581,6.97304
5970,51.157,-0.17561
5982,50.9311,7.00455
5987,50.9413,6.95812
6000,51.2083,0.0605536
6020,48.8835,2.33416
6234,51.0383,3.72305
6242,50.8235,-0.138327
6247,48.8884,2.37937
6255,50.7245,-3.53096
6291,50.0462,8.57346
6382,41.3828,2.17171
6402,50.0506,8.57174
6449,49.329,8.56709
6485,51.2444,4.67622
6488,47.5658,7.57352
6554,46.0972,7.22952
6616,50.8247,-0.139503
6660,50.1473,-5.0675
6672,51.157,-0.17561
6749,49.0203,8.44107
6752,50.1165,8.67719
6756,49.6161,7.33904
6762,49.0055,8.40618
6768,50.8319,-0.781885
6770,48.96,2.43484
6771,50.0509,8.57049
6773,48.4765,7.94674
6779,49.0004,8.38524
6793,50.8785,7.12116
6794,48.946,8.8414
6807,51.2268,6.77281
6815,48.7096,9.17169
6816,48.8093,8.18275
6822,50.0529,8.57028
6836,51.1475,6.55718
6837,49.005,8.44371
6838,48.7952,8.49557
6839,49.0004,8.4634
6840,48.9951,8.44999
6841,50.9474,6.98283
6843,49.0108,8.39464
6848,50.962,6.95174
6852,50.365,7.60651
6853,49.0102,8.39393
6855,49.0055,8.41149
6857,49.0145,8.35149
6863,51.2318,-0.337036
6867,49.0043,8.37349
6872,50.0462,8.57346
6873,50.8971,4.47701
6874,48.8925,9.18676
6894,50.7739,6.07837
6897,50.9366,6.93328
6898,48.7903,9.19731
6901,48.8696,2.34412
6903,48.9963,8.37612
6921,48.5165,7.96374
6922,44.8288,-0.60025
6924,43.7438,7.43031
6931,48.4698,7.95816
6937,50.8167,7.10761
6955,50.7637,6.0839
6961,50.8394,4.37207
6966,49.4882,8.4655
6975,49.2379,8.88863
6977,47.2006,8.77824
6995,51.2106,4.39078
6998,48.9937,8.40167
7000,49.0062,8.40285
7005,48.9984,8.46571
7006,50.771,7.09248
7009,41.3888,2.13214
7012,49.0092,8.40891
7013,51.1045,-2.99478
7015,48.9963,8.37612
7018,49.0099,8.39492
7023,49.0055,8.40618
7024,49.0104,8.39564
7026,50.1066,8.6624
7027,48.7616,9.15577
7028,50.1066,8.6624
7031,51.2396,6.82487
7032,50.9374,6.83464
7033,50.9266,6.96007
7040,50.0638,8.72576
7045,45.4627,9.17635
7049,50.1071,8.69008
7050,50.096,8.35235
7051,48.6904,9.195
7052,48.9617,8.63538
7057,48.9947,8.40329
7058,47.0047,7.10028
7070,50.9408,6.97527
7071,50.7079,7.12928
7078,49.4496,8.46696
7087,50.0462,8.57346
7103,50.875,8.02528
7108,50.395,8.07813
7109,50.9672,6.12773
7111,50.0462,8.57346
7125,49.0085,8.43916
7220,51.1566,-0.161018
7290,49.6133,6.13808
7301,48.854,2.33256
7396,50.9618,-0.154061
7417,51.1608,-0.179364
7428,45.4719,9.17259
7433,51.0885,7.32514
7546,48.8583,2.29435
7564,50.8005,-3.18619
7570,48.8709,2.33383
7590,51.2205,6.79393
7618,48.9566,2.20562
7622,50.8265,4.4008
7757,51.1867,-0.604114
7845,51.1325,2.67116
7872,48.7385,2.14378
7989,50.0506,8.57174
8023,50.8345,4.4142
8042,50.8971,4.47701
8180,47.1436,9.77486
8291,50.8198,-0.135216
8382,51.157,-0.17561
8391,51.0645,-1.3157
8400,50.8281,-0.128358
8402,50.6267,-2.44378
8404,50.807,3.27792
8407,51.017,-3.10023
8419,51.1566,-0.161018
8438,43.7391,7.42802
8442,50.726,-3.52684
8543,46.9443,7.3738
9079,46.1457,6.26118
9100,48.8609,2.37902
9108,46.521,6.63087
9111,47.8213,1.75484
9123,48.8635,2.33711
9127,50.6806,3.12469
9139,48.876,2.34781
9142,48.8354,2.28534
9388,50.8235,-0.138327
9735,47.3522,7.9077
9870,48.7455,9.1046
9924,50.7296,-1.86328
9987,50.5452,-4.15032
10015,43.6624,-1.44099
10144,48.8675,2.31602
10509,50.0462,8.57346
10583,47.7894,9.28217
10585,48.8053,9.20799
10587,51.2434,6.80127
10588,49.2327,6.9991
10593,50.948,6.98386
10597,50.052,8.56686
10598,47.5472,7.58893
10599,51.2157,6.77944
10601,50.1051,8.66671
10603,50.0987,8.65705
10608,49.9917,8.41365
10610,49.556,8.44445
10612,50.1071,8.69008
10615,50.1321,8.82654
10616,50.9416,6.95651
10617,50.9408,6.97527
10619,48.7778,9.17872
10623,50.9431,6.95794
10624,48.8041,2.12276
10625,48.7828,9.1815
10629,49.9243,8.09734
10631,47.8002,8.93012
10632,48.465,7.94267
10633,50.9408,6.97527
10667,50.831,-0.188424
10675,50.8283,-0.13896
10677,48.8315,2.3801
10678,50.8251,-0.157955
10679,47.3657,8.53808
10698,51.2382,-0.205194
10751,47.4535,8.56123
10870,47.673,9.52314
10980,43.5513,7.01799
11237,50.9434,6.95817
11290,47.7473,8.95201
11543,50.8271,-0.142627
11644,50.9728,6.96925
11714,51.1569,-0.161737
11728,50.8297,-0.14132
11731,51.157,-0.17561
11736,45.6634,8.90087
11743,47.3831,8.66563
11788,41.383,2.16619
11791,51.0995,4.23958
11867,50.841,4.37817
11927,50.0975,8.35331
11928,50.1941,8.65783
11930,50.9468,6.92423
11936,50.997,5.86586
11938,51.0956,1.12747
11940,51.0537,3.72409
11957,51.1099,5.2239
11971,46.5247,6.63416
11972,50.1206,8.65969
11977,50.8713,4.344
11982,51.0278,4.46949
11984,48.6787,9.36659
12022,50.1109,8.6817
12157,48.8583,2.29435
12435,50.0462,8.57346
12441,51.2629,6.73625
12522,48.7023,2.13488
12554,47.9841,8.81514
12687,48.8718,2.34303
12718,47.7591,9.53926
12813,50.8549,4.36655
12829,51.245,-1.08302
12942,46.9755,7.19269
13010,51.2205,6.79393
13014,50.6,4.79223
13203,50.8338,4.36082
13225,43.7074,4.19388
13300,50.9527,-0.127092
13351,50.0516,8.57297
13434,50.0506,8.57174
13438,51.2244,-0.529179
13749,51.2263,6.80558
13751,45.6248,8.71992
13801,47.3794,8.50764
14397,50.8225,-0.138096
14436,50.1589,8.1022
14443,47.5953,7.65554
14569,47.3656,8.54732
14589,48.9016,8.66706
14801,50.9348,4.01941
14840,50.7359,7.10142
14926,46.414,7.80754
14933,47.2098,7.50545
15019,51.2054,4.43277
15282,45.4607,9.22689
15419,50.7138,9.10669
15428,50.0018,9.58473
15499,50.481,-4.13282
15597,47.3708,8.54308
15605,45.7034,9.66477
15733,51.2081,6.83057
15762,50.0551,8.90725
15774,50.9381,6.94567
15831,50.7227,7.10726
15958,50.9434,6.95817
16092,48.8658,2.37769
16140,49.0144,2.54179
16227,49.4399,7.55605
16242,47.4212,8.43178
16262,51.1996,5.9881
16324,43.6057,1.44353
16343,49.0067,8.42074
16376,50.816,-0.121933
16430,50.6315,-3.31269
16448,48.8899,2.23158
16540,51.2485,-0.763619
16550,50.9311,6.97196
16563,50.84,4.36703
16731,51.0367,6.92253
16735,51.1274,1.33716
16898,49.9804,9.14364
16913,47.371,8.52411
16919,47.2844,8.10149
16953,47.3677,8.54254
16993,50.0715,8.24262
17102,50.8516,5.69073
17272,50.1066,8.6624
17282,48.4698,7.95816
17341,48.777,9.17393
17455,50.1297,8.66405
17496,50.7321,7.10975
17520,49.1208,9.73441
17731,47.5472,7.58893
17775,48.7233,9.1694
17785,50.9301,5.33976
17833,49.414,8.6507
17849,50.7286,6.18746
17872,49.6456,8.34557
17926,51.1805,4.36402
17929,51.2341,6.72405
18078,48.8703,2.30436
18089,49.0035,8.38649
18100,51.2368,-0.572751
18101,47.4523,8.56183
18314,50.7967,-1.10904
18402,50.115,8.68963
18415,47.4781,9.49867
18419,51.0134,-3.10085
18584,45.4699,9.18891
18657,51.163,6.53757
18746,50.7579,-1.53638
18757,47.4426,8.20536
18845,49.0028,2.56715
18878,50.0991,8.68574
18931,49.0144,2.54179
18989,46.9776,8.66625
19050,51.0358,9.48917
19177,51.1632,6.73155
19274,45.9935,8.75564
19303,50.1064,8.66221
19361,50.7237,-1.90376
19438,47.2878,8.54437
19526,51.1557,-0.16062
19678,50.0019,8.27665
19709,51.1111,-0.190169
19714,50.1165,8.64448
19768,50.8785,7.12116
19907,50.9285,6.92714
19927,50.8785,7.12116
19932,47.3826,8.52964
19938,50.1071,8.6646
19941,48.6973,9.70653
19945,50.1995,9.19053
19955,51.2562,7.15306
19967,50.7771,6.04398
19972,49.3093,6.93728
19989,50.9387,6.946
20030,49.004,2.53601
20143,51.2217,-2.96966
20220,49.7612,9.51485
20329,51.0959,8.02201
20344,48.5767,7.81256
20437,47.4601,8.55571
20521,43.2743,6.58096
20562,43.2276,6.66163
20564,51.0074,-0.933274
20608,45.4677,9.15448
20628,45.4937,9.13045
20745,50.8331,3.26107
20790,51.2063,4.38719
20846,50.6425,7.22906
20876,50.0824,8.22614
21109,49.2449,8.88405
21308,47.4669,8.32407
21384,49.0033,2.57722
21422,50.5612,9.68182
21472,42.8928,2.97774
21474,51.2263,6.7725
21593,48.8505,2.35252
21958,51.2622,-1.08562
21996,51.2489,5.70396
22068,50.7079,7.12928
22150,50.8353,-0.204835
22168,47.4523,8.56183
22180,50.9307,6.91226
22283,45.7238,5.08219
22295,43.4921,-1.49775
22359,50.949,6.98678
22830,50.0471,8.56813
22904,51.1861,6.81963
23223,50.0462,8.57346
23242,50.1066,8.6624
23263,48.8632,2.34442
23359,50.7475,7.09399
23394,48.7808,9.17713
23490,50.0021,8.27589
23491,49.2379,8.88863
23500,50.7316,7.09964
23501,51.157,-0.17561
23506,50.0718,8.21624
23691,43.6597,7.20587
23718,49.8441,7.85858
23745,45.3929,8.92647
23757,47.5425,9.68209
23761,51.2097,4.39429
23764,51.1586,-0.158435
23778,45.3977,1.37926
23787,50.0506,8.57174
23795,48.8573,2.32961
23798,41.3857,2.1697
23807,48.7725,9.17209
23832,51.2145,4.41793
23868,48.8354,2.37548
23873,50.7926,-1.10894
23875,48.8738,2.29502
23905,51.0355,3.71053
23918,50.736,7.09813
23929,51.2215,6.68697
23937,51.1538,0.296676
23940,50.8361,4.40697
23941,48.894,9.19088
23948,45.4722,9.1989
23965,44.8259,-0.555854
24058,50.8212,-0.142435
24083,50.8785,7.12116
24367,48.8604,2.35243
24486,47.3699,8.51967
24491,47.3821,8.56651
24492,50.9495,6.91349
24514,48.9231,8.97269
24516,50.8323,9.57184
24517,50.1071,8.68907
24520,48.7626,9.26233
24531,51.222,6.78092
24553,50.801,6.47997
24559,48.7788,9.23222
24561,47.3776,8.53216
24576,50.9712,-2.46253
24581,41.3955,2.16923
24712,48.8604,2.35243
24836,50.8123,-0.104306
24865,48.8597,2.35149
24937,45.4855,9.20377
25148,51.1328,-0.180931
25160,45.9858,9.26008
25224,50.051,8.58547
25228,50.3219,7.59873
25745,48.8545,2.38411
25753,44.1211,9.7081
25760,51.2515,6.77329
25762,47.4481,8.55889
25766,44.8384,-0.567624
25820,49.4434,7.78431
25943,47.0487,8.30586
26050,45.4836,9.14941
26074,48.79,9.76612
26109,47.3234,5.03029
26125,48.7244,2.2589
26164,50.1144,8.67475
26219,47.5028,9.72465
26453,45.485,9.20748
26455,51.2046,2.90453
26502,50.1331,8.56875
26531,48.8354,2.37548
26564,50.0506,8.57174
26575,51.1561,-0.161653
26606,44.8384,-0.575623
26641,48.9202,2.28181
26663,50.051,8.58547
26686,51.2028,3.23664
26766,50.8742,6.692
26807,50.8772,4.70926
26810,50.8205,-0.141385
26817,50.7164,4.39868
26879,47.408,8.50829
26885,49.1914,9.44329
26904,48.8646,2.3348
26913,50.9071,6.95704
27037,50.908,-1.40562
27041,49.7521,6.64296
27044,51.1237,-0.192041
27145,51.161,6.46973
27154,46.5126,6.60916
27236,50.0529,8.57028
27266,50.9152,6.96686
27373,49.0133,2.54093
27456,50.8337,4.41302
27473,51.2235,6.77343
27615,48.9068,8.74118
27673,50.9462,6.97985
27945,47.2116,-1.5672
28133,47.3726,8.5432
28280,47.3894,8.51488
28299,51.2265,6.77641
28339,49.4014,8.66896
28350,48.3802,-4.55034
28366,47.3803,8.5368
28484,51.0649,-1.79744
28485,48.8041,2.12276
28714,48.8688,2.3377
29135,47.4523,8.56183
29157,50.7483,7.11769
29172,50.5024,7.83038
29437,48.7794,9.1683
29457,50.8238,4.36342
29504,50.1081,8.6711
29506,49.9762,9.14446
29643,50.8971,4.47701
29665,47.353,8.5347
29695,46.5207,6.63136
29733,48.8372,2.29611
29800,46.1947,6.19378
29825,51.2626,-1.08727
29882,51.2542,-0.321064
29898,50.807,3.27792
29899,49.1838,-2.1105
29953,50.0506,8.57174
29965,47.4523,8.56183
29991,46.8329,9.32031
30018,50.6467,-2.41825
30026,47.4233,9.36948
30055,48.8794,2.32648
30069,47.674,9.48519
30170,47.994,7.85077
30243,48.8728,2.3543
30245,48.8864,2.35401
30368,50.9681,7.00488
30441,50.9661,1.85593
30504,48.8315,2.22111
30524,50.7248,-3.5324
30653,41.3925,2.14583
30655,45.9101,8.50615
30683,48.6765,8.97429
30693,48.5788,7.77
30779,48.8675,2.31352
30813,51.1917,6.99294
30814,46.2359,6.10909
30836,51.0658,-1.31586
30865,50.9064,-3.3795
30889,46.9658,7.2697
30891,51.2302,6.80107
30913,50.5416,-4.93634
30980,45.4682,9.17546
31003,50.844,4.35893
31005,50.8971,4.47701
31050,51.157,-0.17561
31106,48.7618,-3.56783
31168,50.9065,0.173287
31191,51.221,6.77851
31261,48.7297,9.14608
31264,50.921,6.83603
31270,51.1126,6.79222
31487,49.0133,2.54093
31502,50.3345,-4.79107
31683,48.8071,9.5401
31686,50.7007,4.40269
31842,50.0462,8.57346
31913,50.937,6.9605
31963,48.8777,2.34924
33487,50.0462,8.57346
33843,50.9488,6.9825
34082,49.0133,2.54093
34394,50.0478,8.55921
34488,51.2379,-0.581853
34495,50.9529,-0.127754
34518,51.1467,-2.71632
34527,50.8235,-0.138327
34535,50.8395,5.71254
34561,50.7272,-1.86416
34581,51.157,-0.17561
34583,47.4491,8.5644
34588,48.8414,2.29128
34595,48.8314,2.37821
34612,48.8469,2.35239
34625,50.6373,3.06366
34642,50.763,-1.30294
34732,51.0553,4.4528
34742,50.9294,4.52904
34743,51.2218,4.40214
34744,51.1337,2.75345
34745,50.8737,4.70561
34748,50.7572,4.27122
34749,50.8795,4.69958
34750,50.8235,-0.138327
34751,50.8414,4.74179
34755,50.9769,4.50488
34757,50.9954,5.26179
34758,50.873,4.68517
34762,51.157,-0.17561
34764,50.8971,4.47701
34768,50.8968,4.48504
34771,50.9557,5.34926
34774,51.2089,4.43877
34780,51.0259,4.47476
34783,50.8696,4.38476
34898,41.2948,2.07899
34921,45.4644,9.19053
34933,48.8517,2.33834
34935,45.6895,-1.17904
34950,50.4277,-3.58291
35042,48.8647,2.28834
35054,50.3656,-4.14238
35167,47.2667,-0.0551343
35209,50.8971,4.47701
35227,51.2249,6.7881
35258,46.5096,6.62041
35265,49.0033,2.57722
35279,50.828,-0.137758
35302,50.605,3.13229
35312,48.8894,2.31745
35314,42.8436,-2.67725
35374,43.6105,1.43511
35408,43.4416,5.22045
35427,50.8543,4.36605
35481,51.2205,6.79393
35490,41.3878,2.18204
35497,47.3782,8.53942
35592,51.048,4.45903
35648,47.1254,7.54502
35763,48.7412,9.03433
35767,48.6878,9.19709
35770,41.4034,2.19061
36110,51.1557,-0.16062
36378,50.7272,-1.86416
36730,47.3662,8.54861
36736,50.8459,4.35947
36819,45.6248,8.71992
36828,50.9488,6.9825
36832,50.7079,7.12928
36841,50.3569,6.87222
36892,49.2594,9.68217
36928,51.157,-0.17561
37125,48.8564,2.34081
37214,48.8691,2.32312
37388,51.1947,4.4098
37834,47.4123,9.74248
38099,51.09,3.65416
38363,48.8006,2.1287
38364,50.5551,9.68528
38366,50.7766,7.18877
38368,50.182,8.47471
38371,47.3753,8.5261
38378,43.6597,7.20587
38391,50.1066,8.6624
38392,50.9737,6.96965
38395,50.1066,8.6624
38402,49.1625,8.56846
38425,45.6622,8.81837
38427,51.0609,3.72458
38430,51.2142,6.75583
38432,50.8165,6.1209
38436,49.4939,5.98459
38448,50.9408,6.97527
38450,51.2275,6.78673
38451,45.9606,9.25297
38453,45.4789,9.19912
38454,43.3031,-2.90516
38460,48.6904,9.195
38467,41.3884,2.19543
38470,51.2537,6.7818
38475,50.9313,5.34657
38478,50.6113,-1.95767
38481,50.1137,8.65051
38487,50.0533,8.58976
38490,43.8922,8.03861
38494,49.3906,8.5933
38495,49.9218,8.48395
38499,48.6778,8.98672
38505,51.2072,6.68496
38506,50.5308,7.08072
38512,50.9393,6.99175
38513,43.6597,7.20587
38521,50.9338,6.93449
38523,45.4505,9.15886
38542,50.1083,8.66122
38544,50.0885,8.23841
38546,50.9413,6.94146
38547,49.4911,8.43629
38551,50.1065,8.6625
38555,50.8785,7.12116
38559,48.7644,9.18271
38560,41.289,2.07453
38561,50.5551,9.68528
38565,50.794,7.20246
38568,49.2496,6.88366
38570,50.9458,6.97164
38572,50.1149,8.63673
38575,51.2297,6.77522
38579,50.9299,6.94133
38586,48.8618,2.33468
38641,44.8418,-0.569136
38851,51.1119,1.32065
38982,50.8407,4.37626
38986,50.1108,8.66204
39075,51.1795,-1.82897
39076,50.8072,6.83296
39084,50.0506,8.57174
39144,50.1536,7.70563
39149,51.157,-0.17561
39188,51.2196,-0.779407
39198,50.3594,-4.74251
39201,51.2379,-0.206885
39228,50.9405,-2.62498
39275,48.7286,2.36741
39332,47.3751,8.54391
39582,44.6755,8.47036
39642,50.8757,8.01619
39644,51.2254,6.77011
39729,43.6597,7.20587
39738,50.8481,4.35404
39746,50.8459,4.34987
39750,48.7773,9.16553
39754,49.3981,8.53235
39840,50.0469,8.56801
39888,49.9518,7.11662
39890,41.3954,2.16188
39939,50.8147,-1.07977
40001,48.7286,2.36741
40068,48.4162,9.78397
40073,45.7485,4.86279
40091,43.5476,7.11892
40092,51.2321,6.71205
40093,49.4804,8.47125
40100,47.4994,8.72701
40107,47.5472,7.58893
40124,50.857,7.11201
40134,47.3611,8.55546
40171,45.5232,9.18927
40178,45.4583,9.17826
40185,45.4781,9.19704
40214,44.4165,8.92237
40306,50.8355,4.33595
40308,50.8961,-1.39777
40332,47.3766,8.54412
40342,45.484,9.24283
40344,45.4374,9.10228
40356,45.523,9.34217
40367,48.0686,8.46542
40398,45.5245,9.21129
40428,51.1274,1.33716
40437,47.2169,7.78349
40441,46.9488,7.44399
40462,51.167,4.60272
40472,50.8954,4.3375
40531,47.3714,8.52364
40536,51.1577,7.22803
40550,50.4185,9.73458
40653,49.0371,9.05311
40654,47.503,9.73982
40655,48.7851,9.20906
40661,48.8906,9.17476
40662,48.893,8.70341
40663,47.4311,9.64526
40664,51.1884,6.79487
40665,48.8015,9.21751
40668,49.5533,8.66536
40669,48.7765,8.08373
40673,49.4361,7.7703
40677,48.7138,9.56805
40679,48.7184,9.38273
40684,48.7306,9.08524
40688,49.055,8.38109
40693,48.7973,9.21596
40694,48.7787,9.17794
40696,48.8989,9.16495
40701,49.0383,8.68928
40702,48.1209,9.08671
40704,48.7229,9.1621
40706,47.3999,8.62281
40711,48.4324,7.99087
40712,50.0462,8.57346
40713,49.7551,6.63878
40718,50.971,6.96985
40766,48.7765,8.08373
40785,48.8565,2.35244
40835,50.8162,4.35349
40905,48.2647,7.71987
40906,50.9074,6.18881
40917,48.8007,9.79929
40918,51.2667,7.38172
40928,49.3828,8.68244
40930,50.0462,8.57346
40935,50.7277,7.09626
40958,49.2009,9.19954
40959,50.9105,9.18583
40960,51.2195,6.78091
40966,50.9191,9.20177
40967,50.9095,6.9751
40968,50.7428,7.05589
40971,48.8801,8.51051
40975,50.9781,7.05685
41078,50.1066,8.6624
41095,47.7827,9.60899
41381,48.8688,2.3377
41444,50.7276,-3.53241
41483,50.7849,-1.0998
41519,51.1996,5.9881
41537,50.9353,6.96665
41571,51.1557,-0.16062
41637,50.7064,-3.53637
41697,49.3846,8.57224
42024,41.3857,2.16998
42450,50.8347,6.45804
42451,50.4226,7.27222
42452,50.3724,8.03607
42458,51.1418,6.99562
42463,50.0021,8.27589
42467,50.9434,6.95817
42478,49.0033,2.57722
42479,50.9493,6.88001
42480,51.1271,1.33405
42628,50.9566,-1.4484
42630,50.7477,-1.95106
42639,50.2685,8.70037
42641,50.1516,8.66286
42646,47.3671,8.55207
42654,50.812,-1.08903
42663,50.9585,-1.44849
42665,50.7527,-1.84007
42670,51.1343,0.264766
42677,51.1462,-2.58449
42678,50.7303,-1.96215
42683,50.9041,-1.40861
42686,51.0705,0.0420986
42687,50.834,-0.275014
42691,48.8452,2.40504
42694,43.6597,7.20587
42695,50.1461,-5.0699
42696,50.9038,-1.40642
42697,50.9078,-1.41409
42699,47.4516,8.56211
42706,50.7272,-1.86416
42716,50.7186,-1.97151
42722,50.9417,6.97395
42726,50.7476,-1.82984
42747,47.3782,8.52026
42751,50.3466,6.96647
42759,51.0526,-1.3655
42762,47.0516,8.30731
42763,50.9041,-1.40442
42766,48.8604,2.35243
42767,46.2298,6.10554
42778,50.7539,-1.88043
42785,50.6298,-3.32486
42792,50.7388,-1.78436
42793,46.2245,6.10183
42798,46.951,7.43616
42804,51.2563,-0.852713
42810,43.3133,2.92019
42816,51.2453,4.41598
42817,50.0462,8.57346
42818,46.8483,9.53015
42821,50.5354,-4.95538
42826,50.7271,-1.91994
42827,50.6403,-2.059
42850,50.7871,-1.97664
43053,51.2181,4.40553
43270,50.9235,6.34214
43272,50.9386,6.93423
43274,50.957,6.90845
43534,51.2272,6.78511
43589,43.6597,7.20587
43996,48.7384,9.11563
43997,48.7824,9.22274
43999,48.8034,9.10157
44001,46.5202,6.63746
44123,47.6763,9.50524
44146,50.3715,7.54616
44167,48.8665,2.33889
44809,50.0484,8.57038
45030,50.1093,8.68177
45056,48.7532,9.19476
45075,41.6208,0.632095
45157,48.6902,9.19414
45294,46.9487,7.44745
45328,48.8505,8.58248
45396,44.6234,-1.06007
45438,50.7214,7.09738
45447,50.652,7.1141
45448,50.0998,8.22187
45602,50.3607,7.59418
45702,50.9036,5.7838
45835,50.1577,8.63326
45902,51.2292,8.55977
45943,50.1051,8.66671
46012,51.2275,6.77604
46101,50.8781,7.12277
46119,49.9984,8.41775
46128,49.4119,8.64156
46347,49.7582,6.63985
46393,50.1212,8.92882
46423,51.2183,4.40115
46456,51.2355,6.77817
46476,47.3782,8.53419
46486,51.2216,6.7856
46512,44.2057,8.41404
46620,49.4361,7.7703
46669,51.2136,6.78569
46676,50.1044,8.54602
46728,49.7586,6.64281
46797,50.1116,8.71261
46975,47.5682,7.6073
47012,48.142,7.70255
47017,49.1313,8.59405
47038,49.0259,8.41278
47116,49.6453,8.29036
47157,51.2359,6.78955
47359,51.215,6.77784
47363,50.643,7.37007
47364,51.1241,6.79767
47386,48.7799,9.1779
47392,41.3893,2.16609
47422,45.5062,9.263
47616,50.8219,4.34093
47618,50.7174,-3.53006
47620,50.1383,8.73876
47625,50.7467,7.08378
47634,50.7359,-3.53083
47746,46.1709,7.56916
47771,48.808,9.27682
47800,49.7929,9.72292
47975,49.4886,8.43268
47976,49.4511,8.51322
47979,49.4956,8.46007
47980,47.9771,7.82938
48211,47.4523,8.56183
48213,50.9389,6.94745
48216,47.3633,8.51962
48217,47.3302,8.53805
48220,47.3152,7.81065
48222,47.4768,8.30205
48234,47.383,8.53954
48235,47.4067,8.56948
48237,47.3783,8.51023
48241,47.3884,8.49279
48522,50.94,6.97219
48523,50.1967,8.67846
48525,49.7274,7.3111
48526,49.544,8.63834
48527,49.4648,8.5187
48528,50.1046,8.64427
48529,50.0521,8.58662
48964,47.4059,9.74371
48968,48.715,9.28995
48976,50.2224,8.87928
48979,51.2333,6.81639
49085,49.0094,8.40386
49091,50.9388,6.93936
49092,47.9953,7.85033
49093,48.9975,8.47308
49096,46.2218,8.85846
49097,50.3332,6.94396
49099,50.7326,7.09657
49102,50.7995,6.88079
49103,50.7084,7.129
49104,50.3065,7.31877
49106,49.7691,9.86547
49108,47.3855,8.57393
49110,49.2278,8.18564
49122,50.6284,6.96076
49128,50.5433,7.139
49133,50.9479,6.90766
49134,50.9407,6.94121
49135,51.0646,6.95445
49137,49.5574,8.1819
49220,50.1071,8.6646
49236,49.0172,8.42878
49335,50.9781,6.94891
49339,48.7806,9.17739
49340,50.9564,7.11232
49344,46.7575,7.62343
49349,47.3643,8.53096
49353,46.9529,7.44077
49355,46.9502,7.44829
49898,49.0076,8.41873
49900,49.4779,8.49185
49901,50.1143,8.67336
49902,50.5564,9.68613
49903,49.4701,8.48374
49904,50.1205,8.65071
49905,51.042,7.45963
49906,49.4044,8.64672
49907,50.5551,9.68528
49908,47.3827,8.52964
49909,51.2475,6.78495
49913,48.6414,8.11829
49914,49.3916,8.67648
49915,47.3742,8.52312
49916,49.4916,8.48813
49918,51.2629,8.76266
49919,49.4356,8.80894
49922,50.1066,8.6624
49923,50.8785,7.12116
49926,48.1007,8.05387
49928,49.2809,8.48107
49929,49.3298,8.51864
49932,49.3205,8.43349
49933,50.0521,8.58663
49934,48.8902,8.70036
49938,50.4598,6.89305
49939,50.5464,9.66303
49940,48.8448,2.3835
49943,49.4875,8.4712
49944,50.0848,8.24582
49948,49.1436,9.21451
49950,49.4863,8.46751
49952,49.0009,8.37871
49953,49.239,8.90808
49954,47.6819,9.14717
49956,50.9386,6.93423
49958,49.1509,9.2106
49961,49.8698,8.62789
49962,50.004,8.25462
49963,50.7276,7.14715
49965,49.4814,8.47017
49966,51.1883,6.84901
49967,50.9434,6.95817
49968,46.7715,7.60695
49969,49.379,8.36231
49972,50.8801,7.11905
49973,47.3828,8.50389
49975,50.3332,6.94649
49976,49.4817,8.43546
49979,49.4092,8.66249
49980,50.0948,8.21676
49982,49.4898,8.46933
49983,50.0506,8.57174
49984,51.242,6.73478
49986,50.102,8.69956
49987,49.5541,8.5938
49991,50.9211,6.94656
49992,48.7809,9.20792
50007,50.105,8.6672
50105,50.0462,8.57346
50139,50.933,0.785706
50228,51.0956,1.12747
50625,50.0032,8.2119
50771,47.3509,7.90993
51363,50.1073,8.66722
51567,50.8237,-0.14363
51570,50.3748,-4.12481
51811,50.9421,6.95713
51815,49.2401,6.99528
51816,48.7369,9.22794
51820,48.743,9.21586
51821,48.8138,9.16923
51822,49.4794,8.46943
51827,50.0928,8.2389
51831,49.414,8.6507
51833,50.9392,6.94967
51835,50.2014,8.57939
51839,48.789,9.20968
51841,48.6397,9.12162
51842,50.7441,7.07915
51847,49.0133,2.54093
51853,49.8309,8.7386
51854,48.8042,9.21741
51857,49.8716,8.62404
51858,48.5138,9.06153
51862,51.2197,9.64046
51863,51.2124,6.79709
51864,50.0886,8.44746
51865,51.2205,6.79393
51869,48.8141,9.17664
51872,47.2031,8.79003
51877,50.1066,8.6624
51932,47.545,9.68247
51963,50.3288,8.54315
52026,47.1697,7.57464
52030,48.7845,9.18258
52035,47.4668,8.32732
52058,47.9925,7.84831
52072,49.7754,9.57814
52106,47.9753,7.83015
52108,48.0008,7.8236
52109,48.1118,8.03442
52111,48.0506,7.728
52114,48.0031,7.85513
52115,50.1208,8.64891
52116,48.4316,7.81494
52117,48.8405,8.20499
52118,48.2619,7.72308
52120,48.4588,7.94278
52121,47.9965,7.83952
52125,50.1148,8.68416
52127,48.9988,8.40102
52128,50.1688,8.63704
52129,49.0124,8.42644
52130,47.9976,7.8416
52131,48.0578,8.45936
52132,48.0108,7.84844
52134,47.9949,7.8429
52217,47.3642,8.5481
52310,51.2583,5.7035
52343,50.1066,8.6624
52344,47.6684,9.17046
52347,50.8785,7.12116
52349,50.8785,7.12116
52353,50.9486,6.94398
52356,50.1066,8.6624
52360,48.7821,9.17558
52362,50.6257,6.94675
52363,49.0031,8.39456
52375,50.1135,8.6804
52376,47.4628,9.04182
52378,48.692,9.2645
52381,50.147,8.50005
52382,48.6766,9.21901
52386,49.485,8.46929
52396,50.8785,7.12116
52399,51.2181,6.62787
52403,50.1029,8.64425
52404,51.2052,7.64492
52405,50.7342,7.09956
52419,49.4843,8.47869
52421,51.0931,6.8129
52426,47.5436,9.68143
52428,51.2225,6.77951
52594,50.8455,3.26543
52653,47.171,8.42751
52925,50.9408,6.97527
53568,51.157,-0.17561
53761,50.9112,-1.40722
53826,50.739,3.13697
53985,51.2174,4.41826
54035,51.1591,4.16914
54093,50.9431,6.95766
54388,50.1052,8.69033
54393,50.9489,6.98575
54394,50.9458,6.95839
54397,50.9409,6.9385
54400,51.2273,6.70788
54406,50.9509,6.91393
54414,50.0961,8.66965
54422,45.3734,6.51445
54427,50.9357,6.95916
54431,50.0715,8.24262
54440,50.9221,6.96699
54447,51.2264,6.77517
55082,48.8511,2.3307
55084,48.8636,2.33532
55086,48.861,2.36796
55094,48.8857,2.3346
55334,50.1066,8.6624
55338,45.7738,3.08253
55352,50.9495,6.91349
55353,47.341,8.66912
55359,47.2122,7.77987
55361,51.1872,6.7082
55362,51.23,6.80027
55487,50.9381,6.94226
55660,49.6345,6.21626
55889,47.4186,9.36684
55890,46.6896,7.85359
55891,47.19,8.72206
55892,47.1962,8.48403
55893,47.4264,8.68858
55894,46.51,7.30212
55898,47.29,8.56983
55905,47.4504,8.21474
55908,47.4523,8.56183
56166,51.2379,-0.581853
56237,50.431,8.37338
56252,51.2233,6.77415
56316,50.7782,6.06067
56319,50.9664,6.96313
56320,50.8785,7.12116
56321,50.9353,6.96133
56324,49.9021,8.85577
56327,51.2142,6.75484
56329,49.4797,8.49677
56332,51.0453,6.98648
56333,50.1388,8.62326
56334,50.0506,8.57174
56336,49.4832,8.47218
56343,47.1376,7.20707
56349,49.0139,8.36395
56351,49.4794,8.46943
56352,47.3792,8.50907
56353,50.8578,7.0928
56354,50.9259,6.9572
56630,50.8971,4.47701
56875,50.6379,3.07164
56986,48.9709,8.79786
57001,50.0573,8.25512
57036,50.9475,6.98276
57072,49.4314,7.75246
57508,50.3617,7.595
57533,48.4758,7.94096
57537,50.942,6.97271
57538,51.2031,7.35332
57539,48.8931,8.70201
57541,49.4794,8.46943
57548,50.0059,8.24864
57554,49.9804,9.14364
57555,50.9486,6.9433
57556,50.8478,7.34734
57558,48.9532,8.84657
57560,50.9295,6.94135
57561,50.9757,6.8974
57564,50.7166,7.12053
57565,49.7564,6.63724
57651,50.9399,6.95659
57652,50.9719,7.07686
57716,48.8827,8.67618
57793,47.3727,8.52975
57909,50.8774,7.94712
57949,50.8235,-0.138327
58472,45.7238,5.08219
58672,47.3175,8.52119
58718,47.3647,8.54756
58735,47.5472,7.58893
59350,50.9373,7.00942
59426,50.112,8.64354
59430,50.113,8.65469
59436,50.1091,8.69836
59438,50.0849,8.24739
59451,50.1066,8.6624
59459,50.8801,7.12042
59473,51.2609,9.43617
59508,48.4783,7.94579
59509,47.053,8.33462
59510,50.948,6.92101
59512,51.2376,6.79886
59524,49.8719,8.65279
59528,50.1385,8.65601
59530,50.8785,7.12116
59534,50.1064,8.66221
59536,50.0524,8.58774
59537,51.2082,6.83105
59695,46.5306,6.65179
59710,48.8603,2.34058
59712,49.108,6.22568
59729,51.2575,7.1506
59730,48.6902,9.19414
59736,50.9729,7.06983
60008,47.0448,9.4461
60036,50.9314,6.96306
60157,48.9012,8.66744
60159,48.8937,8.703
60160,50.9228,6.91521
60161,51.1979,6.43969
60165,49.4905,7.93021
60170,48.7845,9.18258
60171,50.2532,7.44034
60174,49.0354,8.4401
60177,48.3482,7.83555
60178,48.8897,8.69804
60180,50.9532,6.95715
60181,50.3583,7.56028
60182,51.2233,6.77565
60186,50.1967,8.67846
60187,48.7183,9.10768
60189,48.9359,8.27565
60190,48.8833,8.68871
60192,48.9999,8.38393
60326,50.9047,6.18438
60557,50.948,6.98386
60559,50.3823,6.93129
60560,50.9695,7.01624
60607,47.3801,8.5443
60616,47.3896,8.51666
60617,47.3933,8.52945
60618,47.4508,8.56222
60619,46.5097,6.49974
60621,47.3803,8.5368
60625,46.9337,7.11941
60626,47.9979,7.80369
60627,47.4009,8.53415
60629,47.4628,9.04182
60630,47.376,8.53954
60635,47.3635,8.54726
60636,47.4523,8.56183
60637,46.2479,6.08933
60638,47.4779,9.50514
60639,47.4979,8.41204
60641,47.4523,8.56183
60642,47.5485,7.54697
60643,47.4243,9.37879
60650,47.3955,8.532
60651,47.6979,8.63327
60654,47.4956,8.74126
60655,51.2584,7.16475
60656,46.864,9.54007
60657,47.392,8.51879
60658,47.4254,8.63298
60659,47.3878,8.52942
60660,47.3652,8.50904
60661,47.3939,8.03889
60662,47.376,8.54655
60666,47.1773,8.70927
60668,50.8235,-0.138327
60759,50.8338,6.8983
60772,48.7118,9.45481
60788,49.9689,7.89457
60800,50.1076,8.66493
60834,48.8424,2.3652
60928,50.3947,7.53276
61050,51.1728,6.65634
61105,50.9638,-0.121139
61106,48.8583,2.29435
61128,50.9463,6.95906
61164,46.4626,6.84314
61207,51.2309,6.7518
61246,49.0096,8.4053
61247,49.76,6.64346
61251,49.5107,8.15658
61252,49.2092,7.02667
61253,50.123,8.69315
61254,50.3792,7.57035
61257,50.5522,8.50209
61258,50.0462,8.57346
61261,49.4834,8.46278
61262,46.9622,7.44851
61263,49.2813,7.11517
61264,49.5343,8.06832
61265,48.9522,8.84479
61269,50.7768,6.0846
61273,50.5455,6.76421
61274,49.9969,8.27464
61280,49.5371,8.07624
61283,50.0506,8.57174
61284,49.7535,6.60829
61287,50.1332,8.57481
61288,50.7163,7.05157
61289,49.2429,8.88122
61291,49.3526,7.14815
61293,48.7795,9.16823
61294,48.8817,8.50836
61295,49.9842,8.05154
61296,50.7326,7.09657
61297,49.0221,8.36022
61303,50.1835,8.74439
61304,50.3601,7.59046
61305,49.2805,7.65299
61310,49.7578,6.64121
61426,47.377,8.526
61663,50.8789,6.87389
61674,49.2056,7.97448
61785,49.7695,9.86442
61801,50.9434,6.93324
61808,50.1099,8.68195
61810,51.2503,6.97374
61818,50.9404,6.95659
61821,47.4084,8.59511
61823,47.3579,9.67442
61829,50.0786,8.23637
61832,48.2647,7.71987
61835,47.6767,9.14799
61838,49.2062,9.63939
61846,51.2192,6.79477
61854,50.9287,6.93916
61856,51.1967,7.07722
61861,51.1761,6.39062
61863,50.1293,8.69162
61874,46.9563,7.43785
61876,47.3812,8.53212
61877,47.408,8.50829
61883,47.5573,7.58796
61890,47.5382,7.72314
61894,47.3919,8.51453
61901,47.4228,8.55779
61909,46.2307,7.3601
61910,50.5551,9.68528
61911,48.5143,9.75819
61920,50.8235,-0.138327
61923,47.3214,8.52856
61925,47.3776,8.52228
61939,47.371,8.54141
61958,47.3741,8.52493
61959,47.3759,8.53726
61961,47.3966,8.61733
61962,47.05,8.31386
61969,47.1358,7.25348
61972,47.1997,8.79139
61990,47.548,7.56763
61993,47.3769,8.54083
62003,48.9109,9.57717
62004,48.9498,9.42255
62006,50.3505,9.52456
62007,51.2029,7.35751
62008,49.4148,8.54354
62009,51.2252,6.76989
62014,48.8925,9.18676
62015,51.2498,6.76534
62017,49.1827,9.40798
62018,48.7829,9.18168
62433,48.9053,8.74414
62434,48.9617,8.63538
62435,49.0089,8.39651
62436,48.6852,8.98551
62437,48.7887,9.24087
62439,48.9993,8.47478
62441,49.0002,8.38482
62442,48.8949,8.68114
62443,48.797,9.21725
62447,50.0506,8.56972
62448,48.8872,8.69865
62451,48.6936,9.19734
62458,48.8968,8.6603
62460,48.7932,9.22828
62463,49.0062,8.40285
62467,48.8905,8.70028
62469,48.8894,8.71307
62470,49.8751,8.6567
63292,50.8917,6.67414
63764,49.4689,8.48269
63767,49.4049,8.6847
63768,49.5753,8.65812
63769,48.8478,2.37664
63822,50.2467,7.36135
63823,50.5462,7.13664
63824,50.948,6.98046
63825,50.8492,4.35392
63827,50.2378,7.14377
63832,50.5736,8.70815
63837,48.7822,9.18188
63839,50.3819,7.27018
63840,50.9278,6.94031
64400,48.8774,2.34927
64445,48.8972,2.27975
64453,51.0106,-0.918694
64475,48.8831,2.23354
65177,51.2501,6.80048
67887,50.8003,6.88373
67888,50.4026,8.81999
67889,50.5497,9.68574
69402,47.3766,8.54412
69529,51.2415,6.72444
69764,47.2741,9.64744
69804,49.2396,7.01373
70426,50.9335,6.87523
70524,50.0506,8.57174
71409,51.2211,6.81302
72068,47.9941,7.84767
73039,48.7728,9.17537
73041,47.0761,7.30636
73044,50.5551,9.68528
73064,47.2867,7.94431
73464,49.0058,8.4106
73467,50.0506,8.57174
73482,49.8119,9.86755
73529,51.2205,6.79393
73579,50.9413,6.95812
73640,51.2205,6.79393
73686,50.1037,8.76625
74342,50.1101,8.68558
74359,47.5543,7.94191
74360,47.5997,7.53173
74497,47.402,8.43967
75051,51.2372,6.77934
75321,48.8686,2.33017
75322,46.182,6.15724
75326,48.8335,2.38608
75327,51.2142,6.75394
75334,48.8718,2.34235
75634,50.7316,7.09964
76119,46.947,7.43976
76200,41.3019,2.07399
76223,50.5551,9.68528
76707,49.7315,9.21704
76950,45.4581,9.179
77095,50.1047,8.67633
79177,41.3754,2.14858
79311,45.6381,8.70562
79384,50.8656,9.34466
79386,50.9362,6.94644
79387,50.5477,9.72318
79388,50.0462,8.57346
79389,50.1046,8.68903
79391,50.1046,8.68903
79396,50.1066,8.6624
79398,50.1279,8.70802
79400,50.9434,6.95817
79401,50.7204,7.11249
79403,48.7879,9.23411
79407,50.7227,7.11312
79416,50.1179,8.67959
79421,50.1071,8.6646
79428,48.4582,8.69618
79460,49.0645,8.47135
79462,49.0215,8.43938
79495,50.7977,-1.09727
79496,50.901,-1.40846
79520,50.0506,8.57174
79525,50.0462,8.57346
79567,51.0271,6.90874
79570,48.9999,8.38393
79571,51.2334,6.7721
79574,48.7143,8.73988
79611,46.8474,9.51004
79612,47.3181,8.79145
79613,48.7741,9.18605
79620,48.793,9.20385
79621,49.1467,8.56068
79623,50.7717,6.06185
79625,49.7719,6.66495
79626,50.0741,8.24601
79641,47.5735,7.61528
79731,48.6397,9.12162
79733,48.9972,8.45784
79774,50.9463,6.92431
79775,49.8648,8.62519
79777,51.2153,6.75699
79781,51.2236,6.78724
79786,50.9449,6.92236
79789,51.2547,6.40465
79795,50.9524,6.90665
79814,50.9368,6.95194
79817,48.0173,9.49817
79841,48.9664,8.47825
79842,49.4096,8.69311
79863,41.3871,2.16642
79948,50.7705,6.08127
79949,50.7768,6.08452
79950,50.7794,6.07777
79954,50.8785,7.12116
79959,50.2283,8.67464
79978,48.8619,2.34584
79987,50.1332,8.91721
79989,50.7362,7.10711
79990,50.9276,6.93966
79991,51.2061,6.80892
79996,51.2584,7.16941
79998,50.953,6.95679
80000,44.241,5.07524
80001,50.9199,6.95578
80004,50.7955,7.20564
80005,50.7391,7.09595
80007,50.7039,7.14
80009,50.91,6.17165
80039,51.2142,6.75484
80080,50.5915,5.84916
80137,48.69,9.1927
80138,50.8107,7.12929
80139,47.6644,9.48177
80187,49.1257,8.56466
80189,49.3629,8.25717
80190,49.0336,9.20676
80241,50.914,7.19703
80250,47.1176,7.2225
80251,46.9446,7.42114
80252,47.3738,8.51622
80253,47.5538,7.57511
80254,47.3375,8.84623
80259,47.4126,8.55472
80298,50.9092,4.3864
80303,50.1192,8.6932
80321,50.5557,7.39933
80334,50.4613,-3.52331
80362,49.0203,8.44104
80363,49.0147,8.42041
80364,49.0091,8.41796
80370,49.9981,8.26715
80375,49.7798,9.84263
80383,47.6749,9.47108
80384,49.8343,9.86049
80388,49.8897,8.63481
80391,51.2575,7.1506
80399,51.2248,6.7799
80400,51.1692,7.08616
80402,51.2303,6.80875
80421,50.9492,6.91039
80452,49.0096,8.40069
80455,50.0283,8.78893
80456,49.0408,8.69175
80458,50.0283,8.78893
80489,49.305,8.62864
80492,49.0012,8.36615
80501,48.7448,6.14785
80526,48.79,9.19673
80550,50.9748,7.07488
80551,50.9195,7.23628
80555,50.9335,6.93362
80557,50.9573,6.97072
80561,49.4117,8.70664
80565,50.7289,7.12681
80569,50.7113,7.12604
80570,50.7228,7.14478
80574,50.8929,7.0543
80575,50.7228,7.14478
80576,49.999,8.2718
80578,50.8785,7.12116
80579,50.7234,7.14353
80622,51.0582,6.92456
80647,48.7967,9.21742
80651,50.841,8.06836
80654,50.5612,8.50123
80655,50.8804,7.11953
80660,41.4397,2.19878
80662,51.2167,4.40907
80672,46.7291,9.55667
80674,48.9937,8.40167
80677,50.1254,8.7112
81480,51.2108,4.39051
81604,50.0492,8.56172
82076,50.0529,8.57028
82078,46.7982,9.82647
82675,47.566,9.63254
82678,50.0471,8.56813
82687,50.1071,8.68907
83700,50.9618,7.00417
86305,47.389,8.51834
86398,47.4059,9.74371
88610,50.5564,9.68613
88722,50.1066,8.6624
88723,50.9305,6.93698
88733,50.9448,7.06259
88734,51.2205,6.79393
88737,48.9394,8.41693
88742,50.93,6.95332
88745,51.2006,6.72355
88747,49.9994,8.25837
88749,50.9486,6.94462
88751,47.4088,8.5557
88752,47.376,8.5466
88754,48.0491,8.20642
88755,50.948,6.90803
88757,50.8483,4.35024
88758,50.9028,6.90562
88763,49.4794,8.46943
88770,50.7359,7.10146
88782,50.9479,6.90766
88789,48.7722,9.17966
88816,49.0096,8.4053
88817,51.2246,6.77397
88818,51.2552,7.14111
88823,50.2646,8.23066
88825,49.9994,8.27128
88832,46.864,7.36124
88834,50.0932,8.6663
88846,47.5041,9.74837
88859,50.9378,6.94186
88861,50.949,6.98678
88864,47.5471,9.68179
88868,48.7033,9.65459
88869,51.2453,6.76563
88876,48.8905,2.39068
89010,50.9605,6.94986
90284,47.5472,7.58893
90285,46.8502,9.531
91227,47.4372,8.0478
93332,50.832,6.31387
94452,48.7845,9.18258
95893,46.8649,8.65118
96709,50.6907,7.0938
97866,48.8917,8.69859
97867,48.9012,8.66744
98784,47.4008,8.60609
100253,47.4233,9.36948
100255,47.4212,9.37435
100256,47.3746,8.53054
101984,50.9434,6.95817
101986,50.2207,8.6203
101990,50.3331,7.58712
101992,50.9469,6.981
102334,50.948,6.94471
103510,50.9915,7.12489
104149,50.3637,8.73653
104150,50.3698,8.74448
104151,50.1203,8.5234
104152,50.1594,8.65569
104153,50.3697,8.74541
104154,48.596,8.86999
104155,50.3697,8.74541
104329,41.9674,2.83798
104334,48.6902,9.19414
104336,48.7861,9.61711
104649,51.0314,6.98263
104651,50.0929,9.08559
104653,50.1222,8.64995
104654,50.1127,8.65463
104656,50.7905,7.22429
104657,51.0333,9.40559
104658,51.2163,6.75862
104661,47.4109,8.64564
104662,48.7805,9.16181
104663,50.9428,6.98157
105326,48.8683,2.30131
105657,48.7955,9.21865
105658,49.4959,8.48947
105659,49.4234,8.36209
105660,48.8788,8.71643
105661,48.8775,8.69935
105662,49.0062,8.40285
105663,48.9256,8.63671
105664,48.7812,9.18783
106770,48.7819,9.17868
106771,48.7845,9.18258
106773,49.7386,6.69862
106774,51.2427,6.71943
106824,50.3604,7.61222
107073,49.6217,9.66152
108971,50.801,6.47997
109706,46.9471,7.43763
109707,47.2401,8.71805
109710,47.393,8.42402
109734,49.8748,8.67388
109753,50.1066,8.6624
109771,50.0043,9.58055
109818,50.9387,6.98344
111631,47.5566,7.58845
111754,50.9408,6.9379
111755,50.9271,6.93828
111756,50.9353,6.95217
111757,50.9335,6.87523
112326,48.7729,9.1773
112626,51.2639,9.42003
112637,50.9486,6.94398
112638,51.2211,6.79022
112696,51.2022,3.22666
112697,47.346,7.90965
112698,43.0882,2.94613
112699,47.3509,8.53513
112701,51.2386,6.76992
112704,41.9674,2.83798
112705,48.8665,2.36723
112709,50.9698,7.01519
112710,50.9345,6.95232
112712,50.9388,6.97839
112714,50.9501,6.95688
112715,51.2061,6.80892
113678,47.6783,9.51165
113789,49.8648,8.62519
114942,51.0358,9.48917
114943,50.8028,-0.820314
115153,49.477,8.484
115159,49.0075,8.41413
115160,49.0086,8.38617
115161,50.0468,8.56782
115163,51.1593,6.88396
115183,48.7751,9.17133
115199,49.4766,8.44164
115314,51.2297,6.80602
115416,50.9542,6.03497
115762,51.2284,6.69984
115763,51.2385,6.79107
115764,51.2209,6.79398
115768,51.2441,7.6097
115770,48.7765,8.08373
116531,46.8174,7.15548
116607,48.6902,9.19414
116610,50.801,6.47997
116612,50.818,6.35482
118412,50.8975,8.0267
119052,47.3673,8.54441
119554,49.7578,6.64122
119663,51.1965,6.4461
120144,50.7079,7.12928
120390,48.7713,9.17378
120817,47.2597,9.37342
120818,47.3905,8.51604
120822,47.3753,8.5261
120825,47.3731,8.53762
120826,50.1037,8.66366
120828,50.7277,7.10694
121143,51.2234,6.78175
121144,50.9382,6.94799
121146,50.6604,6.79146
121492,46.9486,7.44021
122024,46.7547,7.63132
122025,46.9466,7.43661
122026,47.4153,9.38669
122027,46.1057,7.9276
122770,50.9451,6.98336
123226,50.1066,8.6624
123228,51.1893,6.50918
123229,51.2259,6.77021
123625,50.879,6.87652
123632,50.9455,6.97191
123633,50.9667,7.15974
123635,50.8627,6.88118
123636,48.9973,8.3937
126015,50.0709,8.2435
126455,50.3819,7.27018
127920,51.2404,6.82506
127924,50.9289,6.93857
127926,48.6902,9.19414
127927,48.8937,8.703
128145,48.8967,9.18838
128155,51.222,6.80632
128157,50.0529,8.57028
128158,47.6929,9.39996
128161,47.9572,9.63683
128861,51.2074,6.7757
130277,51.1478,6.6578
130557,50.1066,8.6624
130607,48.517,9.05758
130641,50.3812,7.56689
130685,50.4598,6.89305
130686,50.3344,6.94443
130802,49.9997,8.27535
130803,48.7596,9.15944
130810,51.2192,6.81907
130823,49.0111,8.41497
130837,51.2196,6.79441
132963,51.2079,6.79456
133024,50.2491,8.64466
133756,48.5308,8.56045
133769,48.6945,9.18105
134201,48.7306,9.10801
134202,49.6757,6.67082
136022,51.1134,8.11285
136031,50.3765,6.95093
136867,50.9406,6.94106
141964,49.4792,8.46943
141966,49.4964,8.4125
143249,50.1022,8.62898
143253,50.931,6.9409
143263,49.8697,8.63673
143266,50.9374,6.9603
143268,50.9387,6.98344
143270,50.9455,6.97191
143272,50.0462,8.57346
143349,50.1015,8.64035
144459,50.9414,6.93461
144472,49.7653,8.64966
144491,49.253,7.0405
144644,48.0155,7.83949
144881,50.454,7.22258
144882,48.7404,9.29861
144911,51.244,6.95927
145218,51.2143,6.75557
146227,49.3109,6.94539
146234,47.5032,9.74619
146257,50.0471,8.58189
146259,51.2616,6.73329
148494,50.9118,6.93919
148515,47.4445,8.61737
149672,48.999,8.29408
149673,48.9674,8.32796
149674,48.4862,7.9136
149676,51.2263,6.77448
149677,48.8918,8.70062
149684,50.1941,8.65783
149685,50.3613,8.79489
149686,50.1102,8.67566
149688,50.0506,8.57174
