40712,791
40712,1764
42278,897
7027,67
7027,791
7027,1455
7027,38460
7027,6815
7027,10593
7027,10625
7027,30069
7027,45056
174748,106220
174748,116550
174748,116553
49932,1394
49932,2357
6937,67
6937,628
6937,1460
6937,1679
6937,25897
6937,49946
47359,33487
47359,1158
47359,1228
47359,1455
47359,1474
47359,1679
47359,1845
47359,2116
47359,2181
47359,2205
47359,2218
47359,35481
47359,36838
47359,38448
47359,38505
47359,38506
47359,38546
47359,38559
47359,38584
47359,6478
47359,6770
47359,6807
47359,6815
47359,6898
47359,6921
47359,6968
47359,7057
47359,7071
47359,7109
47359,40068
47359,40069
47359,7590
47359,40678
47359,40705
47359,40930
47359,42479
47359,10585
47359,10625
47359,10632
47359,11930
47359,47355
47359,21474
47359,23966
47359,24531
47359,24553
47359,26164
47359,26885
47359,27145
47359,27673
47359,28366
47359,48527
47359,49110
47359,49938
47359,51806
47359,51811
47359,51822
47359,51827
47359,51842
47359,51857
47359,51858
47359,51863
47359,61807
47359,62449
47359,80666
159229,161116
815,1
815,645
815,2181
815,3678
815,7109
815,41093
815,41095
61828,2199
61828,38455
61828,6898
61828,41095
61828,10594
61828,10599
61828,50625
61828,51857
26164,802
26164,2199
26164,2357
26164,40678
26164,40966
26164,10624
26164,79960
26164,79965
26164,15831
26164,49106
26164,49922
26164,52038
26164,52415
26164,55352
26164,24553
26164,59451
26164,61818
1845,67
1845,628
1845,1394
1845,1455
1845,1474
1845,1770
1845,2116
1845,2120
1845,2139
1845,2181
1845,2205
1845,2218
1845,2357
1845,2367
1845,2371
1845,2434
1845,4670
1845,5351
1845,6478
1845,6770
1845,6794
1845,6807
1845,6815
1845,6837
1845,6897
1845,6898
1845,6921
1845,6955
1845,6968
1845,7026
1845,7028
1845,7071
1845,7101
1845,7109
1845,7111
1845,7590
1845,10584
1845,10593
1845,10594
1845,10599
1845,10612
1845,10616
1845,10621
1845,10624
1845,10625
1845,10632
1845,10633
1845,11928
1845,16343
1845,17496
1845,17833
1845,18415
1845,19967
1845,21422
1845,21472
1845,21474
1845,23242
1845,23359
1845,23394
1845,23966
1845,24083
1845,24487
1845,24553
1845,27145
1845,27673
1845,28366
1845,29665
1845,31264
1845,31270
1845,31913
1845,35481
1845,35767
1845,35769
1845,36838
1845,38364
1845,38391
1845,38395
1845,38412
1845,38448
1845,38459
1845,38460
1845,38468
1845,38481
1845,38505
1845,38506
1845,38532
1845,38533
1845,38546
1845,38552
1845,38555
1845,38559
1845,38561
1845,38568
1845,40069
1845,40396
1845,40693
1845,40694
1845,40967
1845,42479
1845,45056
1845,46669
1845,48527
1845,49133
1845,49136
1845,49898
1845,49905
1845,49918
1845,49922
1845,49938
1845,49986
1845,50625
1845,51811
1845,51817
1845,51819
1845,51822
1845,51823
1845,51842
1845,51857
1845,51863
1845,51878
1845,52365
1845,52415
1845,52427
1845,54391
1845,54414
1845,54415
1845,54430
36892,791
36892,2205
36892,68929
36892,14926
36892,40954
42209,897
42209,42181
42209,42182
42209,42191
42209,42193
42209,12398
42209,17562
42209,17935
42209,18654
42209,18702
42209,19250
42209,42212
42209,42218
42209,42229
42209,42243
42209,42263
42209,42272
42209,42273
42209,42274
42209,42297
42209,42302
42209,42315
49950,1394
645,1
645,1294
645,2023
645,38982
645,38984
38472,628
38472,802
38472,1455
38472,1764
38472,2050
38472,2199
38472,2218
38472,38371
38472,38391
38472,14645
38472,16343
38472,17496
38472,17775
38472,18415
38472,23966
38472,30368
38472,30597
38472,38477
38472,38496
38472,40705
38472,40925
38472,40935
38472,49106
38472,49971
38472,56350
129488,68929
129488,41095
129488,46669
129488,79621
129488,54397
49907,1394
49907,38444
49907,41095
49907,46013
49907,21422
49907,54430
19946,1764
19946,2050
19946,109753
19946,109754
19946,13351
68153,6898
68153,35767
68153,39642
51858,1455
51858,1770
51858,2139
51858,2181
51858,2205
51858,3678
51858,38460
51858,6837
51858,6898
51858,39750
51858,40694
51858,9870
51858,10616
51858,10621
51858,10625
51858,10631
51858,45056
51858,45448
51858,14443
51858,47386
51858,49133
51858,17496
51858,51821
51858,51847
51858,52415
51858,59526
27236,1455
27236,1842
27236,38444
27236,38505
27236,49922
1111,1
1111,791
4272,1403
4272,2116
4272,2181
4272,35767
4272,6752
4272,13801
4272,15831
4272,38371
4272,38460
4272,38537
49967,1394
49967,38571
49967,6898
80000,49981
80000,56350
42273,897
42273,981
42273,1927
42273,35351
42273,42235
42273,17562
42273,42274
49954,1394
49954,21422
56236,1764
42466,1294
42466,2023
42466,2050
42466,2343
42466,38552
42466,6449
42466,40069
42466,40664
42466,40677
42466,40918
42466,42458
42466,19941
42466,20344
42466,46975
42466,49097
42466,49110
17833,802
17833,1193
17833,1294
17833,1394
17833,2181
17833,2218
17833,35767
17833,6794
17833,6955
17833,105661
17833,40662
17833,40906
17833,59451
17833,62458
40410,2199
40410,2367
40410,38482
40410,38506
40410,38571
40410,6852
40410,41095
42206,897
42206,42224
42206,42257
6904,67
6904,38548
6904,7051
40693,791
40693,1394
40693,1455
40693,1474
40693,2181
40693,2205
40693,2218
40693,2357
40693,2367
40693,133769
40693,35481
40693,36838
40693,38395
40693,38429
40693,38460
40693,38470
40693,38481
40693,38506
40693,38532
40693,38533
40693,38545
40693,38568
40693,38584
40693,6807
40693,6815
40693,6837
40693,6898
40693,39750
40693,7071
40693,7101
40693,7111
40693,40069
40693,40668
40693,40677
40693,10593
40693,10599
40693,10616
40693,10625
40693,10631
40693,10632
40693,17496
40693,24514
40693,24531
40693,27145
40693,27673
40693,40957
40693,40958
40693,43996
40693,45056
40693,46621
40693,47372
40693,47386
40693,49918
40693,49928
40693,51816
40693,51821
40693,51822
40693,51839
40693,52360
40693,56332
40693,56349
40693,59451
40693,80622
40693,120146
56239,1764
56239,38549
56239,10612
56239,23966
38484,628
38484,8311
1813,1492
1813,1764
1813,2181
1813,9735
1813,38503
1813,38585
55353,1679
55353,38432
55353,38482
55353,38571
55353,40367
55353,40668
55353,40683
55353,41095
55353,10633
55353,43996
55353,46975
55353,49111
55353,52653
55353,30368
40935,802
40935,2023
40935,2199
40935,3580
40935,40658
40935,40906
40935,40911
40935,18724
40935,20344
40935,24553
40935,49938
40935,59451
40935,61299
119129,80399
119129,80400
119129,179476
119129,26663
19548,628
19548,38545
19548,6975
19548,40678
19548,109005
19548,109006
19548,109007
19548,109008
19548,49110
19548,16898
4727,628
4727,6852
4727,17496
4727,47388
49958,1394
49958,2181
49958,38482
49958,39750
49958,49953
49958,26885
49960,1394
49960,2050
49960,38545
49960,143312
40928,802
40928,1394
40928,39754
38460,628
38460,1455
38460,1474
38460,1770
38460,2023
38460,2116
38460,2120
38460,2139
38460,2181
38460,2199
38460,2205
38460,2218
38460,2357
38460,2367
38460,35481
38460,35767
38460,35769
38460,36838
38460,38364
38460,38395
38460,38432
38460,6754
38460,6770
38460,6815
38460,6848
38460,6898
38460,6921
38460,6968
38460,7026
38460,7071
38460,7101
38460,7109
38460,10593
38460,10594
38460,10599
38460,10616
38460,10625
38460,10631
38460,10633
38460,15831
38460,17496
38460,21422
38460,21474
38460,24553
38460,27145
38460,27673
38460,38470
38460,38471
38460,38481
38460,38482
38460,38505
38460,38506
38460,38532
38460,38552
38460,38982
38460,40678
38460,40688
38460,40705
38460,40925
38460,40954
38460,41078
38460,41095
38460,42463
38460,45056
38460,48527
38460,49918
38460,49922
38460,49938
38460,49971
38460,50625
38460,51811
38460,51817
38460,51819
38460,51822
38460,51827
38460,51847
38460,51857
38460,51878
38460,51998
38460,52038
38460,52058
38460,52360
38460,52427
38460,54391
38460,56332
38460,79965
49918,1394
49918,1455
49918,1770
49918,2023
49918,2181
49918,2199
49918,2218
49918,36838
49918,38364
49918,38395
49918,38444
49918,38448
49918,38470
49918,38481
49918,38501
49918,38505
49918,38568
49918,6794
49918,6815
49918,6848
49918,6903
49918,6921
49918,6955
49918,7026
49918,7071
49918,7101
49918,40678
49918,40688
49918,40705
49918,40905
49918,40967
49918,10593
49918,10594
49918,10599
49918,10616
49918,10631
49918,10632
49918,48527
49918,49094
49918,49110
49918,49905
49918,17496
49918,19967
49918,21474
49918,24553
49918,27673
49918,31264
49918,51811
49918,51817
49918,51823
49918,51827
49918,51847
49918,51878
49918,54406
49918,54430
49918,56332
49918,59537
49918,97553
51817,33487
51817,1455
51817,1474
51817,34394
51817,1770
51817,2199
51817,2218
51817,2357
51817,36838
51817,38395
51817,38470
51817,38477
51817,38549
51817,38568
51817,38584
51817,6815
51817,6921
51817,6968
51817,7026
51817,7101
51817,40367
51817,40705
51817,41078
51817,10593
51817,10612
51817,10631
51817,10632
51817,48527
51817,48529
51817,16343
51817,49938
51817,30368
51817,52427
51817,62477
51817,88735
1189,1
38395,628
38395,33487
38395,1455
38395,1770
38395,2139
38395,2181
38395,2199
38395,2218
38395,35763
38395,36838
38395,38364
38395,38371
38395,38372
38395,38391
38395,38392
38395,38393
38395,6754
38395,6770
38395,6807
38395,6815
38395,6848
38395,6898
38395,6921
38395,6968
38395,7026
38395,7030
38395,7071
38395,7101
38395,7590
38395,9870
38395,10593
38395,10594
38395,10599
38395,10612
38395,10629
38395,10631
38395,10632
38395,17496
38395,19967
38395,21474
38395,27145
38395,27673
38395,30597
38395,31264
38395,31270
38395,38402
38395,38412
38395,38429
38395,38432
38395,38444
38395,38448
38395,38459
38395,38470
38395,38471
38395,38477
38395,38481
38395,38482
38395,38499
38395,38501
38395,38505
38395,38506
38395,38521
38395,38533
38395,38546
38395,38568
38395,38570
38395,38584
38395,40069
38395,40705
38395,42479
38395,46620
38395,46669
38395,46975
38395,48527
38395,48529
38395,48976
38395,49133
38395,49136
38395,49138
38395,49905
38395,49938
38395,49942
38395,49984
38395,51811
38395,51842
38395,51864
38395,51865
38395,52058
38395,52391
38395,52415
38395,52427
38395,54406
38395,54414
38395,56327
38395,62477
52419,1394
52419,1474
52419,2181
52419,2357
52419,49939
18249,897
18249,42197
18249,42219
2169,67
2169,628
2169,1174
2169,1770
2169,1842
2169,2116
2169,2139
2169,2357
2169,2434
2169,3301
2169,5351
2169,6478
2169,7109
2169,7590
2169,10631
2169,10632
2169,10633
2169,23223
2169,23807
2169,23857
2169,24083
2169,28366
2169,29975
2169,30442
2169,30655
2169,31261
2169,40068
2169,41537
2169,43053
2169,49908
2169,51811
2169,52365
2169,52787
2169,61207
38499,628
49101,1294
49101,2050
49101,2181
49101,2199
49101,38561
49101,6968
49101,40430
49101,40652
49101,40668
49101,40906
49101,46620
49101,49106
49101,55352
49101,56350
49101,59729
183957,136001
62009,2205
62009,38368
62009,40652
62009,40705
62009,18893
62009,61299
11928,1394
11928,2023
11928,2205
11928,38482
11928,38533
11928,7071
11928,40679
11928,10612
11928,19945
11928,24553
11928,27673
11928,30597
11928,54397
11928,92109
49987,1394
1351,1
1351,2204
1351,2343
1351,13801
1351,20344
1351,41095
28507,628
28507,38549
28507,49966
49898,1394
49898,38568
49898,6794
49898,6837
49898,6898
49898,6975
49898,7057
49898,49983
40959,802
40959,1513
40959,35767
40959,38471
40959,15831
42202,897
42202,981
42202,1927
42202,16998
42202,17562
42202,42224
42202,42272
49982,1394
49982,2181
49982,3580
49982,38494
49982,49976
45056,1135
45056,1455
45056,1474
45056,1770
45056,2205
45056,2218
45056,2357
45056,38559
45056,6770
45056,6815
45056,6898
45056,6903
45056,39750
45056,7026
45056,7101
45056,40677
45056,40694
45056,9870
45056,10585
45056,10593
45056,10616
45056,10625
45056,10631
45056,43996
45056,21474
45056,26566
45056,47386
45056,49913
45056,50625
45056,51816
45056,52360
11938,1394
35351,897
35351,981
35351,1927
35351,16998
35351,17562
35351,18654
35351,23981
35351,42172
35351,42213
35351,42224
35351,42235
35351,42243
35351,42252
35351,42259
35351,42272
35351,42280
35351,42286
35351,42294
40967,802
40967,1770
40967,2023
40967,2181
40967,2357
40967,4770
40967,38364
40967,38391
40967,38506
40967,38533
40967,38546
40967,38568
40967,5917
40967,6848
40967,6955
40967,7071
40967,40069
40967,40367
40967,40906
40967,10593
40967,10612
40967,17496
40967,19967
40967,20344
40967,21474
40967,24487
40967,24553
40967,27266
40967,31264
40967,40975
40967,46975
40967,48976
40967,49905
40967,49938
40967,51815
40967,52787
40967,56332
40967,59451
40967,61856
40967,97553
183960,136001
41702,1764
49900,1394
49900,2357
49900,41697
49900,23490
49900,49915
38477,628
38477,1294
38477,1394
38477,1474
38477,1842
38477,2023
38477,2139
38477,2181
38477,2218
38477,36838
38477,10629
38477,10631
38477,15428
38477,17496
38477,18415
38477,20220
38477,21474
38477,40069
38477,40437
38477,40936
38477,40954
38477,48529
38477,49097
38477,49110
38477,49938
38477,123229
724,1
47975,1211
47975,1394
47975,1403
47975,2181
47975,2357
47975,47976
47975,47979
19768,628
19768,1764
19768,2050
19768,2120
19768,2181
19768,38545
19768,38548
19768,6752
19768,42473
19768,17775
19768,19356
19768,54397
49975,1394
49975,1438
49975,1679
151542,105661
151542,60178
151542,121468
151542,151544
151542,151547
179477,136001
179477,119125
88808,38448
88808,49103
88808,51865
18415,359
18415,802
18415,1174
18415,1286
18415,1394
18415,1455
18415,2116
18415,2139
18415,2199
18415,35766
18415,35767
18415,35769
18415,69745
18415,4808
18415,38455
18415,38565
18415,6968
18415,7040
18415,40938
18415,40957
18415,10624
18415,10631
18415,11930
18415,47386
18415,49133
18415,49921
18415,49984
18415,17496
18415,20376
18415,23757
18415,31270
18415,51806
18415,51864
56235,1764
2371,756
2371,884
2371,1174
2371,1294
2371,1513
2371,1719
2371,2181
2371,2367
2371,6848
2371,14443
2371,19967
2371,20344
2371,38506
2371,49111
2371,52427
2050,623
2050,628
2050,661
2050,791
2050,802
2050,1231
2050,1294
2050,1394
2050,1492
2050,1513
2050,34394
2050,1764
2050,1842
2050,2357
2050,5009
2050,6794
2050,6848
2050,9157
2050,12596
2050,14436
2050,14645
2050,14988
2050,15831
2050,17775
2050,19356
2050,19438
2050,19941
2050,20129
2050,20346
2050,28339
2050,35763
2050,35767
2050,38392
2050,38393
2050,38459
2050,38464
2050,38503
2050,38545
2050,38549
2050,38585
2050,38984
2050,39644
2050,39750
2050,40332
2050,40367
2050,40430
2050,40536
2050,40664
2050,40705
2050,40715
2050,40906
2050,42747
2050,45153
2050,46013
2050,46101
2050,46620
2050,46975
2050,47606
2050,49138
2050,57909
2050,59726
2050,59729
2050,59730
2050,59731
2050,59733
2050,59734
2050,59735
2050,59736
2050,59739
49963,1394
55853,10132
55853,10940
55853,87968
10594,1394
10594,1474
10594,2181
10594,2218
10594,35481
10594,38364
10594,38402
10594,38448
10594,38470
10594,38505
10594,6837
10594,7101
10594,41078
10594,10599
10594,10623
10594,10632
10594,11930
10594,21474
10594,51811
10594,51865
10594,52058
10594,56332
49909,1394
49909,1474
49909,38982
49909,6898
49909,7009
49909,7109
49909,19678
49909,27673
49909,54397
49909,54447
49909,88734
791,1
791,67
791,532
791,628
791,800
791,802
791,1193
791,1211
791,1265
791,1294
791,1394
791,1455
791,1459
791,1474
791,1679
791,2023
791,2120
791,2181
791,2199
791,2205
791,2218
791,2357
791,2367
791,3678
791,6449
791,6838
791,6848
791,6903
791,6955
791,7018
791,7101
791,8311
791,9870
791,10585
791,10621
791,10622
791,10629
791,10631
791,13351
791,14443
791,16343
791,19941
791,20344
791,24520
791,25943
791,26885
791,34394
791,35763
791,35767
791,35769
791,36838
791,38364
791,38368
791,38392
791,38444
791,38481
791,38533
791,38552
791,38559
791,38570
791,39084
791,39750
791,40093
791,40437
791,40652
791,40653
791,40654
791,40655
791,40658
791,40659
791,40661
791,40662
791,40663
791,40664
791,40665
791,40668
791,40669
791,40673
791,40677
791,40678
791,40679
791,40683
791,40684
791,40688
791,40694
791,40696
791,40697
791,40701
791,40702
791,40704
791,40705
791,40706
791,40707
791,40708
791,40711
791,40713
791,40715
791,40718
59739,14436
109754,106220
109754,109753
109754,116551
51842,1455
51842,36838
51842,38505
51842,38532
51842,38546
51842,6807
51842,6848
51842,6921
51842,7026
51842,7071
51842,7101
51842,10612
51842,10632
51842,48527
51842,49136
51842,51806
51842,51827
51842,27145
51842,51857
51842,56332
35765,532
59429,2023
59429,2181
59429,2357
59429,35481
59429,6898
59429,7590
59429,40694
59429,41095
59429,42646
59429,49133
59429,49972
59429,51878
59429,24083
59429,31270
173682,104180
173682,109753
1049,1
1049,67
1049,2181
1049,6975
1049,7028
1049,7057
1049,35767
1049,40971
1049,43996
1323,1
1323,47976
49979,1394
49979,2357
51857,1455
51857,1474
51857,2023
51857,2357
51857,36838
51857,38584
51857,6478
51857,6807
51857,6898
51857,7109
51857,40069
51857,10632
51857,49904
51857,17496
51857,51815
51857,51827
51857,23223
51857,23242
51857,23966
51857,24083
51857,27145
51857,51863
51857,54414
47388,1158
47388,38429
47388,38982
47388,6898
47388,40396
47388,29975
1267,1
40713,10610
40905,802
40905,1455
40905,1764
40905,2120
40905,2139
40905,2199
40905,38505
40905,7101
40905,40688
40905,40705
40905,10597
40905,10622
40905,14645
40905,16243
40905,19356
40905,30368
40905,30597
40905,48527
40905,52427
40905,59736
40905,128114
119122,179475
119122,26663
42212,897
42212,1927
42212,17562
42212,18654
42212,42213
42212,42224
42212,42230
42212,42252
42212,42272
42212,42274
42212,42277
42212,42388
59730,38503
59730,7109
59730,40536
40972,802
7071,67
7071,1394
7071,1474
7071,1770
7071,2023
7071,2199
7071,2218
7071,2357
7071,35767
7071,36838
7071,38364
7071,38448
7071,38470
7071,38505
7071,38506
7071,38532
7071,38533
7071,38546
7071,38559
7071,38568
7071,38982
7071,6754
7071,6770
7071,6815
7071,6848
7071,6955
7071,6968
7071,7026
7071,7101
7071,7109
7071,10584
7071,10593
7071,10597
7071,10599
7071,10612
7071,10632
7071,17496
7071,19927
7071,19967
7071,21474
7071,22180
7071,23359
7071,24487
7071,27145
7071,31264
7071,40069
7071,40678
7071,40968
7071,48527
7071,49904
7071,49905
7071,49938
7071,51806
7071,51822
7071,51878
7071,52415
7071,52427
7071,54397
7071,54406
7071,56332
38584,628
38584,1394
38584,1455
38584,1764
38584,2357
38584,35481
38584,38408
38584,38429
38584,38473
38584,38549
38584,6921
38584,10593
38584,10625
38584,10629
38584,10631
38584,10633
38584,15597
38584,16243
38584,30368
38584,30442
38584,31261
38584,38587
38584,40679
38584,48522
38584,49938
38584,51863
38584,57685
38584,63758
38584,88735
38584,128114
143274,49923
38470,628
38470,2023
38470,2120
38470,2199
38470,2218
38470,36838
38470,38432
38470,38448
38470,6478
38470,6754
38470,6770
38470,6837
38470,6968
38470,7026
38470,7087
38470,7101
38470,10593
38470,10623
38470,13810
38470,15597
38470,17496
38470,18893
38470,19050
38470,19967
38470,21422
38470,21472
38470,21474
38470,23966
38470,24531
38470,27673
38470,30891
38470,31264
38470,31913
38470,38482
38470,38533
38470,38549
38470,38552
38470,38568
38470,40662
38470,40664
38470,40668
38470,42479
38470,49103
38470,49111
38470,49136
38470,49138
38470,49905
38470,49930
38470,49938
38470,51839
38470,51865
38470,51998
38470,52415
38470,52427
38470,54397
38470,54406
38470,54415
38470,54447
38470,56332
38470,59451
38470,59515
38470,61846
38470,80622
38470,83700
38470,88859
38470,91764
38583,628
20346,1764
20346,17775
45153,1764
45153,2343
23757,532
23757,802
23757,2120
23757,2139
23757,2434
23757,35764
23757,35766
23757,35767
23757,35768
23757,35769
23757,4808
23757,38455
23757,6968
23757,40957
23757,49959
23757,59734
10940,10132
38432,628
38432,1770
38432,2139
38432,2181
38432,2367
38432,35481
38432,36838
38432,7109
38432,10633
38432,16243
38432,20344
38432,21474
38432,38506
38432,40975
38432,48976
38432,49971
38432,51823
38432,51865
38432,54397
61299,2181
61299,42458
61299,49234
61299,18893
61299,54415
61299,55352
61299,59515
61299,59526
59537,2023
59537,2181
59537,2199
59537,38444
59537,38559
59537,5917
59537,40668
59537,40677
59537,40697
59537,10610
59537,10616
59537,51865
59537,30891
39233,661
3678,628
3678,802
3678,1265
3678,1295
3678,1455
3678,1770
3678,2023
3678,2120
3678,2139
3678,2181
3678,2434
3678,6754
3678,6975
3678,11930
3678,17496
3678,21422
3678,21472
3678,22180
3678,23966
3678,24553
3678,30891
3678,38505
3678,38532
3678,40069
3678,40367
3678,49922
3678,51823
49989,1394
2343,661
2343,802
2343,905
2343,1193
2343,1231
2343,1294
2343,1394
2343,1513
2343,6794
2343,6848
2343,9870
2343,10585
2343,14356
2343,14436
2343,14645
2343,19438
2343,19927
2343,19941
2343,23981
2343,35763
2343,35767
2343,38211
2343,38393
2343,38463
2343,38505
2343,38984
2343,39332
2343,40332
2343,40367
2343,40652
2343,40664
2343,40696
2343,40704
2343,40715
2343,40906
2343,40975
2343,46013
2343,46115
2343,47606
2343,59729
2343,59736
21422,1294
21422,1394
21422,1455
21422,1474
21422,1770
21422,2181
21422,2357
21422,2434
21422,35481
21422,35767
21422,36838
21422,38393
21422,38444
21422,38448
21422,38481
21422,38482
21422,39644
21422,6921
21422,6968
21422,40069
21422,40925
21422,40957
21422,41078
21422,10593
21422,10616
21422,10629
21422,10631
21422,46975
21422,79965
21422,15831
21422,49938
21422,49986
21422,17496
21422,51998
21422,52058
21422,52415
21422,52427
21422,22180
21422,23490
21422,23966
21422,26566
21422,28366
21422,31913
21422,54397
21422,56327
21422,61846
40930,802
40930,1286
40930,1455
40930,2139
40930,2357
40930,35763
40930,35767
40930,35770
40930,36838
40930,38455
40930,6754
40930,10624
40930,30683
40930,40957
40930,49922
40930,51822
27813,628
47386,1158
47386,1455
47386,1459
47386,2023
47386,68929
47386,38547
47386,38568
47386,6449
47386,6815
47386,7109
47386,10621
47386,10624
47386,10631
47386,79960
47386,21474
47386,24553
47386,29412
47386,48527
47386,49106
47386,49914
47386,52038
47386,52415
1282,1
1282,1459
19356,628
19356,776
19356,1679
19356,1764
19356,38548
19356,51815
40093,1394
40093,2357
40093,39754
40093,48783
4589,628
4589,1394
4589,1459
4589,2434
1701,1158
1701,1394
1701,1459
1701,2120
1701,2218
1701,7028
1701,10633
1701,11930
1701,21474
1701,27673
1701,31913
1701,40396
1701,51998
1701,52038
1701,52058
2218,67
2218,1231
2218,1294
2218,1394
2218,1455
2218,1459
2218,1474
2218,2023
2218,2181
2218,2205
2218,2357
2218,6770
2218,6794
2218,6815
2218,6837
2218,6898
2218,6903
2218,6921
2218,6955
2218,6975
2218,7018
2218,7026
2218,7101
2218,7109
2218,9870
2218,10584
2218,10593
2218,10599
2218,10610
2218,10612
2218,10616
2218,10624
2218,10625
2218,10629
2218,10631
2218,10632
2218,10633
2218,14436
2218,16343
2218,17496
2218,19941
2218,19967
2218,21474
2218,23359
2218,23394
2218,24083
2218,24487
2218,26885
2218,27145
2218,27673
2218,30891
2218,35767
2218,35769
2218,36838
2218,38402
2218,38412
2218,38444
2218,38448
2218,38481
2218,38482
2218,38505
2218,38532
2218,38552
2218,38559
2218,38568
2218,39750
2218,40069
2218,40367
2218,40662
2218,40664
2218,40677
2218,40678
2218,40684
2218,40694
2218,40701
2218,40705
2218,40938
2218,40971
2218,43996
2218,49133
2218,49905
2218,49922
2218,49934
2218,49938
2218,49976
2218,49983
2218,49992
2218,51816
2218,51821
2218,51822
2218,51823
2218,51863
2218,52360
2218,52365
2218,52415
2218,52427
2218,54447
2218,55362
2218,56332
2218,56349
2218,59451
2218,60178
2218,62449
2218,62458
2218,62477
51811,33487
51811,1455
51811,1474
51811,2199
51811,2357
51811,35481
51811,36838
51811,38482
51811,38532
51811,6770
51811,6815
51811,40069
51811,10593
51811,10599
51811,10612
51811,10632
51811,11930
51811,49938
51811,17496
51811,24083
51811,27145
51811,27673
51811,31270
51811,31913
51811,51847
51811,52058
51811,52415
51811,54414
10599,1474
10599,2357
10599,35481
10599,36838
10599,38364
10599,38391
10599,38402
10599,38448
10599,38505
10599,38532
10599,6770
10599,6815
10599,6921
10599,7026
10599,7028
10599,7030
10599,7101
10599,7109
10599,40396
10599,40677
10599,41078
10599,10593
10599,10612
10599,10625
10599,10631
10599,10632
10599,11930
10599,24083
10599,24487
10599,27145
10599,27673
10599,28366
10599,31264
10599,48529
10599,49905
10599,49938
10599,50625
10599,51863
10599,52058
10599,52415
10599,52417
10599,54414
10599,56332
10599,83700
10679,34394
10679,2357
10679,7087
10679,23490
10679,27673
10679,31913
46620,2023
46620,2181
46620,68929
46620,38372
46620,38464
46620,38505
46620,38542
46620,42473
46620,47606
46620,59451
46620,59530
40664,1764
40664,2199
40664,35767
40664,38571
40664,7103
40664,40437
40664,13351
40664,40668
40664,46975
40664,49111
40664,51815
40653,24514
5351,1394
5351,3301
5351,10631
5351,48529
29665,1394
29665,1770
29665,2116
29665,2139
29665,2199
29665,2204
29665,36838
29665,38371
29665,38506
29665,40332
29665,40678
29665,40706
29665,13801
29665,14926
29665,49908
29665,52653
29665,54397
29665,55894
29665,25943
29665,28366
29665,61972
29665,30026
6848,67
6848,628
6848,1294
6848,1455
6848,1679
6848,2199
6848,2367
6848,35769
6848,38392
6848,38506
6848,38546
6848,38559
6848,38568
6848,6754
6848,6898
6848,7101
6848,10593
6848,11930
6848,15831
6848,19967
6848,20344
6848,21474
6848,30368
6848,40705
6848,40975
6848,48527
6848,49094
6848,49136
6848,49904
6848,49922
6848,49938
6848,51827
6848,54430
6848,56327
6848,56332
6848,59736
6848,61861
107750,38555
107750,18893
1228,1
1228,152
1228,628
1228,1231
1228,1286
1228,1294
1228,2027
1228,2165
1228,15597
1228,38575
1228,48177
49952,1394
115199,38571
115199,27673
897,1
897,628
897,981
897,1394
897,1927
897,2037
897,12398
897,15752
897,16998
897,17562
897,17935
897,18239
897,18654
897,18702
897,19250
897,20864
897,23981
897,38452
897,38485
897,42168
897,42169
897,42171
897,42172
897,42180
897,42181
897,42182
897,42184
897,42185
897,42191
897,42193
897,42197
897,42198
897,42200
897,42205
897,42207
897,42210
897,42213
897,42217
897,42218
897,42219
897,42222
897,42224
897,42229
897,42230
897,42232
897,42233
897,42234
897,42235
897,42241
897,42243
897,42244
897,42246
897,42248
897,42249
897,42250
897,42252
897,42256
897,42257
897,42259
897,42260
897,42262
897,42263
897,42268
897,42270
897,42271
897,42272
897,42274
897,42275
897,42277
897,42280
897,42281
897,42282
897,42286
897,42288
897,42290
897,42294
897,42295
897,42296
897,42297
897,42298
897,42301
897,42302
897,42310
897,42311
897,42313
897,42315
897,42388
59451,2023
59451,2181
59451,2199
59451,2357
59451,38533
59451,38552
59451,6779
59451,6794
59451,6815
59451,7030
59451,40662
59451,40678
59451,41697
59451,42479
59451,51815
59451,52038
59451,24553
40659,1294
40659,26885
28339,628
28339,38545
28339,7051
28339,120773
28339,23966
28339,26598
28339,29975
120147,27673
24524,359
24524,106220
24524,109753
24524,116550
24524,116551
24524,116553
1474,33487
1474,1294
1474,1394
1474,1455
1474,1770
1474,2023
1474,2116
1474,2139
1474,2181
1474,2357
1474,3580
1474,6478
1474,6770
1474,6794
1474,6807
1474,6815
1474,6898
1474,6968
1474,7009
1474,7026
1474,7101
1474,7109
1474,10593
1474,10625
1474,10631
1474,10633
1474,17496
1474,18053
1474,23796
1474,23966
1474,24083
1474,24553
1474,27145
1474,27673
1474,30597
1474,31261
1474,31913
1474,35481
1474,36838
1474,38364
1474,38372
1474,38412
1474,38481
1474,38555
1474,40069
1474,40705
1474,47361
1474,48527
1474,48529
1474,49133
1474,49905
1474,49938
1474,50625
1474,51822
1474,51878
1474,52038
1474,52058
1474,52349
1474,52360
1474,52365
1474,52391
1474,52415
1474,52417
1474,52422
1474,52427
38372,628
38372,10593
38372,10631
38372,13810
38372,17031
38372,23359
38372,39643
38372,40069
38372,54414
38372,57685
38372,106220
38372,109753
38372,116553
7087,67
7087,2205
7087,38448
7087,38547
7087,38552
7087,7028
7087,10593
7087,18893
7087,19678
7087,27673
7087,31913
7087,40697
7087,51865
7087,54406
7087,61846
7087,73686
7087,80622
1233,1
4770,628
4770,5917
4770,42021
4770,42288
49929,1394
49929,2181
49904,1394
49904,2023
49904,2120
49904,2199
49904,35767
49904,38391
49904,38552
49904,38982
49904,6752
49904,6898
49904,40668
49904,10593
49904,10616
49904,43996
49904,23242
49904,23490
49904,23966
49904,49948
49904,49986
49904,51821
49904,54414
40658,2199
40658,38463
40658,38982
40658,40652
40658,24553
40658,26885
40658,40718
40658,40906
40658,40957
40658,48522
40658,49097
40658,49111
40658,57685
40658,59729
48177,41095
48177,10593
48177,63292
6897,67
6897,33487
6897,38532
6897,38556
6897,10612
6897,24083
6897,24487
6897,41095
6897,52415
38556,628
38556,68929
38556,7030
39199,661
38537,628
38537,1764
38537,2120
38537,38545
38537,130750
6968,67
6968,802
6968,1294
6968,2023
6968,2120
6968,2181
6968,2199
6968,2357
6968,2367
6968,35766
6968,38364
6968,38429
6968,38505
6968,38506
6968,38533
6968,38546
6968,38559
6968,6478
6968,6754
6968,6770
6968,6898
6968,6921
6968,7026
6968,7101
6968,10597
6968,15597
6968,17496
6968,24083
6968,30368
6968,31270
6968,40069
6968,40944
6968,48522
6968,48527
6968,48529
6968,48976
6968,49922
6968,49938
6968,51822
6968,51823
6968,51827
6968,51839
6968,52427
51847,1455
51847,2181
51847,2199
51847,38505
51847,38549
51847,6754
51847,40678
51847,40705
51847,10597
51847,54397
55362,1679
55362,2139
55362,35481
55362,6815
55362,6898
55362,6903
55362,39750
55362,40677
55362,40694
55362,49133
55362,17775
55362,51816
55362,51820
55362,51822
55362,19941
55362,31270
68929,4808
68929,7040
68929,16113
68929,24553
68929,27145
68929,38548
68929,38575
68929,40702
68929,41697
68929,42479
68929,49110
68929,49980
68929,59526
68929,59530
68929,73529
68929,94452
68929,109008
51806,1455
51806,1679
51806,2357
51806,38505
51806,6770
51806,6921
51806,23966
51806,24083
51806,27266
51806,51827
35481,800
35481,1294
35481,1394
35481,1455
35481,2120
35481,2139
35481,2181
35481,2199
35481,2357
35481,2367
35481,4670
35481,6478
35481,6898
35481,7009
35481,7109
35481,7590
35481,10593
35481,10612
35481,10631
35481,10633
35481,17496
35481,19678
35481,24531
35481,30597
35481,31270
35481,36838
35481,38391
35481,38402
35481,38482
35481,38506
35481,38533
35481,40069
35481,41095
35481,48529
35481,49094
35481,49133
35481,49928
35481,49971
35481,49984
35481,50625
35481,51822
35481,52391
35481,54414
35481,59515
35481,88734
35481,104653
2205,67
2205,628
2205,802
2205,1135
2205,1394
2205,1438
2205,1455
2205,1679
2205,2023
2205,2139
2205,6794
2205,6852
2205,6898
2205,9870
2205,10622
2205,10625
2205,10631
2205,17496
2205,19941
2205,23807
2205,23966
2205,24514
2205,26885
2205,35767
2205,38371
2205,38505
2205,38559
2205,38568
2205,38587
2205,39750
2205,40069
2205,40668
2205,40677
2205,40679
2205,40694
2205,40957
2205,41095
2205,49922
2316,10621
2316,35767
2316,38368
2316,41095
51877,1455
51877,2199
51877,38481
51877,104653
51877,6752
51877,6898
51877,7026
51877,7101
51877,10616
51877,49944
48527,1265
48527,1394
48527,1455
48527,1770
48527,2181
48527,2199
48527,2357
48527,36838
48527,38364
48527,38391
48527,38429
48527,38450
48527,38494
48527,38505
48527,38506
48527,38532
48527,38533
48527,38559
48527,38982
48527,6478
48527,6770
48527,6807
48527,6815
48527,6898
48527,6921
48527,7026
48527,7101
48527,7109
48527,40069
48527,7590
48527,40367
48527,10593
48527,10616
48527,10625
48527,141964
48527,46012
48527,46975
48527,48522
48527,17496
48527,21474
48527,23966
48527,27145
48527,30597
48527,31270
48527,48529
48527,48976
48527,49938
48527,51827
48527,52427
48527,54414
3237,26663
3237,38430
3237,52349
10597,1294
10597,1394
10597,1460
10597,1679
10597,2023
10597,2199
10597,38455
10597,38463
10597,38552
10597,38568
10597,40688
10597,10622
10597,10623
10597,10633
10597,11791
10597,31270
10597,49096
10597,49106
10597,49946
10597,51823
10597,51865
10597,54415
1438,1294
1438,1679
1438,2120
1438,7109
1438,23981
1438,35763
1438,49234
1395,1
1395,756
1395,2367
1395,17500
40966,802
40966,6752
40966,40924
40966,30026
40966,49106
27673,1174
27673,1459
27673,1770
27673,2116
27673,2357
27673,4670
27673,38402
27673,38448
27673,38505
27673,38545
27673,6770
27673,6807
27673,7028
27673,40396
27673,73482
27673,41078
27673,42463
27673,42479
27673,10593
27673,10612
27673,10625
27673,10631
27673,10632
27673,10633
27673,11930
27673,80622
27673,49097
27673,49133
27673,115171
27673,17496
27673,50625
27673,51822
27673,51998
27673,52038
27673,52058
27673,19678
27673,21474
27673,54391
27673,54406
27673,54447
27673,120143
27673,120144
27673,120146
27673,88734
27673,23242
27673,23490
27673,24083
27673,24487
27673,57949
27673,28366
27673,30597
27673,30984
27673,31913
27673,61856
332,1
109007,40678
38368,628
38368,1455
38368,1842
38368,2181
38368,2357
38368,3580
38368,6752
38368,10622
38368,14436
38368,16243
38368,39750
38368,40069
38368,40911
38368,46975
38368,49948
38368,80622
4670,1459
4670,2116
4670,2139
4670,2357
4670,35767
4670,35769
4670,10629
4670,10631
4670,23359
4670,24083
4670,31261
4670,31270
4670,38982
4670,41095
4670,48529
4670,49133
4670,56332
30683,802
30683,2139
30683,35769
30683,36838
30683,6754
30683,40957
30683,10629
30683,10631
30683,10632
30683,49133
30683,49984
30683,56338
12398,18654
51863,1455
51863,38450
51863,38505
51863,38546
51863,38568
51863,6794
51863,6921
51863,7590
51863,10593
51863,10612
51863,10632
51863,51820
51863,24487
51863,27145
51863,31913
51863,56237
183958,136001
10622,2139
10622,2199
10622,38392
10622,38482
10622,38552
10622,39750
10622,40668
10622,40688
10622,40936
10622,10623
10622,10633
10622,49094
52106,38448
52106,38505
52106,49930
52106,51865
130460,38448
130460,49930
130460,51865
49971,1394
49971,1764
49971,2367
49971,38481
49971,38482
49971,38506
49971,6807
49971,42646
49971,10593
49971,10631
49971,48529
49971,19678
49971,21472
49971,21474
49971,52415
49971,56237
23490,1394
23490,2357
23490,38494
23490,40367
23490,42463
23490,49976
23490,50625
23490,31913
23490,61274
40430,800
40430,1174
40430,1294
40430,1295
40430,2120
40430,38561
40430,39332
40430,10631
40430,40652
40430,45471
40430,49110
40430,59736
6893,67
6893,38545
23394,1459
23394,2120
23394,2139
23394,38533
23394,39750
23394,40957
23394,41095
23394,47606
23394,19941
23394,94452
116553,39643
116553,106220
116553,144903
116553,116550
116553,52391
176235,136001
176235,136025
176235,109770
40068,802
40068,1455
40068,2120
40068,2367
40068,35763
40068,35767
40068,38444
40068,38506
40068,6770
40068,10616
40068,15428
40068,23966
40068,24520
40068,40069
40068,40668
40068,40936
40068,40957
40068,40960
42272,1927
42272,2037
42272,38452
42272,38485
42272,39742
42272,42182
42272,42185
42272,42191
42272,42197
42272,42222
42272,42224
42272,42229
42272,42234
42272,42246
42272,16998
42272,17562
42272,18654
42272,42274
42272,42277
42272,42286
42272,42295
42272,42298
42272,42302
42272,42315
6921,67
6921,1394
6921,1455
6921,2023
6921,2181
6921,35769
6921,36838
6921,38364
6921,38391
6921,38505
6921,38532
6921,38568
6921,5917
6921,38982
6921,6478
6921,6754
6921,6770
6921,6794
6921,6815
6921,7026
6921,7101
6921,7103
6921,7109
6921,10612
6921,10616
6921,10632
6921,16343
6921,17496
6921,21472
6921,21474
6921,23966
6921,27145
6921,28366
6921,46012
6921,46669
6921,48522
6921,49133
6921,49938
6921,51865
6921,52427
6921,63758
39642,700
39642,2199
39642,38448
39642,38468
39642,38471
39642,6898
39642,15831
39642,30984
39642,41095
39642,46975
39642,79965
51819,1455
51819,2199
51819,36838
51819,38429
51819,38505
51819,38521
51819,38533
51819,38571
51819,7101
51819,10621
51819,48529
51819,17496
51819,19967
51819,54397
54391,2116
54391,38471
54391,6770
54391,41078
54391,11791
54391,11930
54391,51998
54391,52038
54391,52415
54391,31913
54391,54447
38209,623
38209,17775
802,1
802,359
802,532
802,628
802,700
802,756
802,776
802,800
802,1174
802,1231
802,1286
802,1294
802,1295
802,1455
802,1634
802,1679
802,1764
802,2027
802,2120
802,2165
802,2181
802,2204
802,2367
802,3580
802,4808
802,8311
802,10624
802,11930
802,12722
802,13010
802,13351
802,13801
802,13810
802,14645
802,15428
802,15843
802,16913
802,17031
802,18724
802,19050
802,20344
802,20376
802,21472
802,21808
802,24509
802,24553
802,25897
802,28366
802,30026
802,30597
802,30771
802,35764
802,35767
802,38496
802,38502
802,38565
802,38571
802,39074
802,40367
802,40906
802,40911
802,40913
802,40914
802,40917
802,40918
802,40919
802,40922
802,40924
802,40925
802,40926
802,40927
802,40929
802,40934
802,40936
802,40938
802,40944
802,40954
802,40957
802,40958
802,40960
802,40968
802,40971
802,40975
1193,1
1193,67
1193,1394
1193,2367
1193,39750
1193,40679
40684,1294
49959,1394
49959,1679
49959,2120
49959,35767
49959,38482
49959,38552
49959,38565
49959,38571
49959,6754
49959,7111
49959,30891
40697,38463
40697,38565
40697,20344
40697,26885
40697,40906
40697,46975
40697,47606
55894,2116
55894,2204
55894,38371
55894,6898
55894,40437
55894,42646
55894,10625
55894,15597
55894,49908
55894,49973
55894,52653
55894,21472
55894,25943
55894,28366
55894,30026
2357,628
2357,661
2357,33487
2357,776
2357,1174
2357,1211
2357,1294
2357,1394
2357,1403
2357,1455
2357,1459
2357,1764
2357,2181
2357,2367
2357,3580
2357,5917
2357,6478
2357,6770
2357,6794
2357,6807
2357,6815
2357,6852
2357,6898
2357,6966
2357,7026
2357,7030
2357,7101
2357,7109
2357,7111
2357,7590
2357,9870
2357,10593
2357,10612
2357,10616
2357,10629
2357,10631
2357,10632
2357,10633
2357,11930
2357,17775
2357,18893
2357,21474
2357,23242
2357,24083
2357,24487
2357,24553
2357,25820
2357,26885
2357,30891
2357,31264
2357,31270
2357,31913
2357,35767
2357,36838
2357,38391
2357,38402
2357,38448
2357,38450
2357,38494
2357,38506
2357,38546
2357,38559
2357,38568
2357,39750
2357,40367
2357,40958
2357,41095
2357,41697
2357,47979
2357,48529
2357,48783
2357,49133
2357,49903
2357,49906
2357,49938
2357,49939
2357,49948
2357,49976
2357,49986
2357,50625
2357,52415
2357,52427
2357,63758
61791,2199
61791,38429
61791,38468
61791,38505
61791,38533
61791,38982
61791,7103
61791,49103
61791,51865
61791,55352
6966,67
6966,1394
6966,2181
6966,7057
30655,1294
30655,1394
30655,2116
30655,2204
30655,16953
40679,2181
40679,38482
40679,6815
40679,6898
40679,6903
40679,39750
40679,40668
40679,40677
40679,10616
40679,19941
40679,23966
40679,43996
40679,46115
40679,51820
40679,51821
40679,51865
40679,56327
40918,38505
40918,39750
40918,40652
40918,40906
40918,46975
40918,59729
40918,59736
42259,42185
42259,17562
119125,80399
119125,26663
61972,2204
61972,38371
61972,38505
61972,38533
61972,40332
61972,40437
61972,40706
61972,15597
61972,49908
49943,1394
49943,23981
5406,628
5406,800
79960,6898
79960,49106
38485,628
38485,981
38485,1927
38485,15752
38485,17562
38485,42224
38485,42286
114761,76138
114761,23223
114761,91883
117125,34394
117125,25000
7040,67
7040,1394
7040,1459
7040,2181
7040,2199
7040,38552
7040,6770
7040,6815
7040,7028
7040,10612
7040,11930
7040,21474
7040,24516
7040,31913
7040,52038
7040,52360
7040,73482
7040,73529
40715,2023
40715,2120
40715,13351
40715,46013
40715,59736
981,1
981,1927
981,17562
981,42185
981,42197
981,42205
981,42213
981,42219
981,42224
981,42233
981,42241
981,42243
981,42248
981,42263
981,42274
981,42275
981,42277
981,42282
981,42286
981,42294
981,42315
1317,1
29412,38482
29412,6807
29412,6898
29412,10624
29412,49106
29412,17496
29412,51998
29412,19967
29412,21474
29412,61807
29412,30597
29412,31270
51815,1455
51815,2199
51815,36838
51815,6449
51815,6898
51815,40367
51815,40683
51815,10629
51815,142813
51815,47606
42281,42191
18702,1927
18702,39742
18702,42224
18702,17562
18702,18239
18702,18654
38371,628
38371,1394
38371,2023
38371,2116
38371,2204
38371,6815
38371,7109
38371,13801
38371,14926
38371,15597
38371,25943
38371,30026
38371,38533
38371,52653
115762,38505
115762,46981
115762,115764
115762,115771
359,1459
359,23807
359,24509
359,24514
359,24516
359,24520
359,24531
359,24553
130682,38505
128114,91883
80399,135994
80399,135995
80399,135998
80399,135999
80399,136001
80399,136003
80399,136002
80399,136006
80399,136008
80399,38505
80399,7031
80399,106220
80399,107747
80399,109753
80399,18893
80399,26663
80399,49234
80399,49923
80399,51865
80399,52417
80399,60178
80399,63292
80399,80400
80399,93356
80399,119203
80399,159144
80399,161112
80399,161116
80399,161117
80399,161118
10633,1770
10633,2139
10633,2181
10633,36838
10633,38391
10633,38402
10633,38482
10633,38533
10633,6770
10633,6807
10633,6852
10633,7028
10633,7101
10633,40069
10633,40954
10633,41078
10633,10584
10633,10593
10633,10612
10633,10629
10633,10631
10633,10632
10633,11930
10633,15831
10633,17496
10633,21474
10633,31270
10633,31913
10633,48529
10633,49094
10633,49133
10633,49938
10633,49976
10633,50625
10633,51998
10633,52415
10633,54447
10633,62477
1455,67
1455,628
1455,1174
1455,1211
1455,1394
1455,2023
1455,2139
1455,2181
1455,3580
1455,6478
1455,6807
1455,6815
1455,6898
1455,6903
1455,7026
1455,7101
1455,7109
1455,10593
1455,10602
1455,10612
1455,10621
1455,10625
1455,10629
1455,10631
1455,10632
1455,17496
1455,17775
1455,19941
1455,21472
1455,22180
1455,23966
1455,24083
1455,25820
1455,28366
1455,30597
1455,36838
1455,38412
1455,38429
1455,38448
1455,38521
1455,38532
1455,38546
1455,38559
1455,39750
1455,40069
1455,40367
1455,40655
1455,40668
1455,40677
1455,40678
1455,40688
1455,40694
1455,40957
1455,40958
1455,41095
1455,46669
1455,47361
1455,48529
1455,48976
1455,49111
1455,49136
1455,49922
1455,49938
1455,50625
1455,51816
1455,51820
1455,51821
1455,51822
1455,51823
1455,51827
1455,51839
1455,51864
1455,51865
1455,51878
61861,2199
61861,38505
61861,6975
61861,7101
61861,46012
61861,27145
60178,105661
60178,151544
60178,151547
60178,151550
60178,151552
60178,151554
60178,121468
60178,62458
38587,628
79965,38471
79965,39644
79965,6898
79965,56327
23359,628
23359,1265
23359,1294
23359,1459
23359,1770
23359,2023
23359,2116
23359,2120
23359,2181
23359,41095
23359,9870
23359,49986
23359,17500
23359,27145
23359,59515
23359,59530
905,1
905,906
6815,67
6815,33487
6815,1135
6815,1394
6815,2116
6815,2120
6815,2139
6815,35767
6815,36838
6815,38481
6815,38506
6815,38532
6815,38559
6815,38568
6815,38982
6815,6754
6815,6770
6815,6794
6815,6898
6815,6903
6815,7026
6815,7101
6815,7590
6815,9870
6815,10585
6815,10593
6815,10616
6815,10625
6815,10631
6815,10632
6815,17496
6815,19941
6815,19967
6815,24083
6815,24514
6815,39750
6815,40677
6815,40694
6815,40971
6815,43996
6815,49905
6815,49938
6815,50625
6815,51816
6815,51820
6815,51821
6815,51822
104653,1394
104653,17496
42230,1927
42230,42197
42230,42213
42230,42263
13810,1394
13810,2165
1236,1
38394,628
9735,1286
9735,1394
9735,2023
9735,2204
9735,35767
9735,38471
9735,6837
9735,7057
9735,11930
9735,15831
9735,17267
9735,19941
9735,42747
20344,628
20344,661
20344,1231
20344,1286
20344,1294
20344,1394
20344,1513
20344,2120
20344,2367
20344,35763
20344,35767
20344,38444
20344,38463
20344,38505
20344,38549
20344,38561
20344,39332
20344,6794
20344,39750
20344,7057
20344,40332
20344,40367
20344,40718
20344,40906
20344,40975
20344,14645
20344,47606
20344,49938
20344,19941
20344,21474
20344,23981
20344,31264
20344,54406
20344,56332
20344,59729
47625,1174
47625,2181
47625,41095
38471,628
38471,2023
38471,69745
38471,38364
38471,14436
38471,15597
38471,15831
38471,16898
38471,19678
38471,31913
38471,38506
38471,38568
38471,40069
38471,41078
38471,46975
38471,51823
38471,51998
38471,52058
38471,54397
38471,130577
18654,1927
18654,42197
18654,42205
18654,42224
18654,42268
18654,42274
18654,42286
18654,42297
18654,42302
18654,42388
18654,15752
18654,16998
18654,17562
18654,23981
1174,1
1174,67
1174,628
1174,756
1174,1294
1174,1295
1174,1394
1174,1459
1174,1471
1174,1770
1174,2027
1174,2139
1174,2181
1174,2434
1174,3301
1174,4427
1174,5917
1174,6770
1174,9870
1174,17496
1174,25820
1174,35767
1174,38412
1174,38450
1174,38549
1174,39084
1174,39754
1174,40396
1174,47606
40654,16898
43996,2199
43996,38429
43996,6794
43996,6903
43996,39750
43996,40668
43996,40677
43996,40688
43996,10602
43996,10616
43996,10625
43996,10631
43996,51816
43996,51821
43996,52360
43996,54414
49916,1394
49916,2181
1034,1
17267,628
40718,40683
40718,46975
40718,49991
40718,61846
42217,1927
42217,42224
42217,42235
42217,42244
42217,42270
49921,1394
49921,20938
38366,628
38366,1764
38366,2023
38366,59530
40924,2165
40924,40683
40924,40906
40924,40911
40924,40913
40924,10621
40924,40925
24487,5917
24487,7026
24487,7109
24487,42479
24487,10593
24487,10625
24487,52427
24487,21474
24487,56332
24487,31264
24487,31270
16243,628
16243,1294
16243,35767
16243,38547
16243,40906
16243,42473
16243,46975
16243,15597
16243,24553
16243,56252
152,10132
1460,1394
1460,1679
1460,10602
1460,49096
49919,1394
6754,67
6754,532
6754,628
6754,1394
6754,1679
6754,2023
6754,2120
6754,2139
6754,2181
6754,2199
6754,35763
6754,35767
6754,35769
6754,36838
6754,4808
6754,38391
6754,38429
6754,38455
6754,38463
6754,38482
6754,38547
6754,38565
6754,38571
6754,38982
6754,6852
6754,6898
6754,7109
6754,7111
6754,10623
6754,10632
6754,26663
6754,40677
6754,40705
6754,40957
6754,49981
6754,49984
6754,56338
29225,38548
29225,59726
49941,1394
42218,1927
42218,42224
42218,42243
42218,42274
46993,49923
130577,119203
42271,1927
115771,38505
115771,46981
151544,105661
151544,151547
151544,151552
9870,628
9870,1394
9870,2023
9870,2120
9870,2181
9870,2434
9870,38568
9870,5917
9870,6898
9870,42463
9870,10625
9870,10629
9870,10631
9870,13351
9870,48529
9870,49938
9870,49992
9870,50625
17031,1764
17031,35763
17031,35767
17031,7057
51827,36838
51827,38429
51827,38546
51827,6807
51827,6898
51827,7026
51827,7101
51827,7111
51827,49944
51827,21474
51827,24083
51827,54414
48976,1286
48976,2181
48976,38364
48976,38505
48976,38532
48976,40069
48976,48522
48976,48529
48976,21474
48976,24553
48976,49938
48976,51822
48976,51864
48976,52427
6888,67
6888,661
38565,628
38565,1294
38565,1394
38565,2120
38565,35763
38565,35770
38565,38463
38565,6794
16913,6794
16913,40332
16913,42747
16913,19941
46013,2023
46013,3580
46013,38538
46013,38552
46013,38984
46013,40652
46013,40911
46013,8311
46013,42473
46013,13010
46013,16343
46013,19050
46013,47606
190085,161117
53108,2199
53108,41095
25897,1394
25897,15843
13801,628
13801,1231
13801,1294
13801,1394
13801,34394
13801,2116
13801,2165
13801,2204
13801,35767
13801,4427
13801,39332
13801,40332
13801,40706
13801,42747
13801,14926
13801,15597
13801,19438
3683,628
3683,1294
3683,1295
3683,1994
3683,4868
3683,49133
3683,49992
42222,1927
42222,38452
42222,17562
42222,42274
42222,42280
38494,628
38494,1394
38494,6752
38494,38495
38494,39754
38494,49976
42191,1927
42191,42207
42191,42224
42191,42229
42191,42234
42191,42256
42191,42257
38585,628
38585,1764
38585,2181
38585,38503
38585,38545
38585,11683
38585,56250
14988,3580
14988,40911
14988,8311
42315,1927
42315,42224
42315,42277
42315,42286
42315,17562
42315,19250
27456,800
27456,1294
27456,1394
30069,49133
30069,54397
30069,26663
6478,532
6478,1770
6478,2120
6478,2139
6478,2434
6478,36838
6478,38505
6478,38533
6478,38549
6478,5982
6478,6770
6478,6807
6478,6898
6478,7109
6478,23857
6478,40069
6478,46669
6478,48522
6478,48529
6478,49922
6478,49928
6478,49938
6478,51822
6478,51998
6478,52415
6478,57949
80400,7031
80400,26663
80400,115764
2023,1294
2023,1770
2023,2120
2023,2181
2023,2199
2023,2367
2023,6449
2023,6770
2023,6898
2023,6975
2023,10593
2023,10623
2023,10629
2023,15597
2023,16343
2023,17496
2023,18053
2023,19050
2023,22168
2023,24514
2023,24553
2023,26885
2023,30597
2023,30891
2023,31264
2023,36838
2023,38364
2023,38402
2023,38429
2023,38468
2023,38482
2023,38501
2023,38505
2023,38506
2023,38533
2023,38538
2023,38552
2023,38559
2023,38568
2023,38571
2023,38982
2023,38984
2023,39750
2023,40069
2023,40652
2023,40678
2023,40705
2023,40911
2023,40925
2023,40957
2023,41095
2023,42473
2023,46975
2023,47356
2023,47606
2023,48529
2023,49111
2023,49922
2023,49991
2023,52058
2023,54397
2023,54415
2023,54430
2023,59515
2023,59526
2023,59530
23796,1158
23796,36838
23796,38429
23796,38482
23796,38533
23796,38982
23796,6770
23796,40396
23796,10632
23796,47355
23796,47372
23796,115582
23796,24083
23796,24531
23796,26219
23796,91883
62449,51865
42250,42185
39332,713
39332,1231
39332,1394
39332,2204
39332,13351
39332,19438
39332,40437
135994,139250
5982,67
5982,2434
5982,26885
5982,30026
5982,41095
5982,48529
5982,49234
59530,2367
59530,35769
59530,38506
59530,41095
59530,42473
59530,47606
59530,49136
59530,30984
38575,628
38575,1294
38575,1295
38575,1394
38575,38450
38575,7026
38575,17496
38575,123229
49906,1394
47372,1158
47372,38429
47372,6807
47372,40396
47372,10593
47372,47361
47372,24531
47372,31913
47372,52415
47372,52422
40696,39750
52417,1770
52417,10593
52417,10631
52417,52391
52417,56338
40926,18053
17562,1927
17562,2037
17562,4868
17562,38452
17562,39742
17562,42172
17562,42197
17562,42198
17562,42205
17562,42207
17562,42213
17562,42224
17562,42229
17562,42233
17562,42234
17562,42235
17562,42243
17562,42246
17562,42248
17562,42252
17562,42260
17562,42274
17562,42277
17562,42280
17562,42286
17562,42294
17562,42295
17562,42296
17562,42297
17562,42302
17562,15752
17562,16998
17562,17935
17562,20864
17562,23981
35764,532
35764,1286
35764,2181
35764,3580
35764,35766
35764,35767
35764,39644
35764,45471
7101,67
7101,1764
7101,2181
7101,2199
7101,36838
7101,38364
7101,38429
7101,38459
7101,38481
7101,38505
7101,38521
7101,38532
7101,38559
7101,38568
7101,6770
7101,6794
7101,6807
7101,7026
7101,7028
7101,7111
7101,10593
7101,10612
7101,10625
7101,10631
7101,10632
7101,14436
7101,21472
7101,21474
7101,24083
7101,27145
7101,27266
7101,31270
7101,40069
7101,40705
7101,46012
7101,46669
7101,49094
7101,49136
7101,49938
7101,49944
7101,51878
7101,52365
7101,52415
7101,52427
7101,54414
7101,54430
7101,73482
7101,80383
73529,38482
73529,38505
42241,42224
42241,42234
42241,23981
42241,42243
40306,756
47976,1211
47976,1394
47976,2181
47976,47979
104195,104180
104195,106220
136001,135998
136001,136000
136001,109770
136001,109772
136001,116551
136001,136025
136001,140589
136001,183959
49106,1294
49106,1394
49106,1764
49106,2199
49106,38364
49106,38481
49106,38552
49106,6771
49106,40678
49106,40954
49106,10602
49106,19945
49106,24509
49106,24553
49106,52038
49106,52787
49106,56350
49106,60583
49106,61807
38463,628
38463,1286
38463,1294
38463,1679
38463,1764
38463,2120
38463,35767
38463,8311
38463,13351
38463,24531
38463,38571
38463,40688
38463,40936
38463,42473
38463,56252
49966,1394
49966,38364
49966,6898
40927,1286
38579,628
42288,1927
42288,42274
23981,1394
23981,1679
23981,39742
23981,8311
23981,42172
23981,42224
23981,42229
23981,42248
23981,42388
23981,12722
23981,13351
23981,15752
23981,17935
23981,18239
7109,67
7109,628
7109,1394
7109,1679
7109,1842
7109,1994
7109,2120
7109,2139
7109,2367
7109,36838
7109,38503
7109,38505
7109,38506
7109,38552
7109,6807
7109,6837
7109,7111
7109,17496
7109,21474
7109,23966
7109,24083
7109,26219
7109,27145
7109,28366
7109,31261
7109,40536
7109,46669
7109,48529
7109,49930
7109,51878
7109,52415
7109,61856
7109,80666
4808,67
4808,35767
4808,35769
4808,6837
4808,10624
4808,38423
4808,38570
4808,40917
4808,52038
49984,1394
49984,1770
49984,2139
49984,2181
49984,35769
49984,36838
49984,38391
49984,38506
49984,40957
49984,10610
49984,10621
49984,10631
49984,49928
49984,31261
49984,31264
49984,50625
49984,51878
49984,88734
35768,532
42235,1927
42235,42172
42235,42224
42235,42229
42235,42234
42235,42243
42235,42270
42235,42277
42235,42286
49930,1394
49930,2199
49930,38448
49930,38568
49930,38570
49930,42458
49930,21474
49930,30891
49930,51865
130681,38505
42301,42224
42301,42257
42302,1927
41078,2116
41078,38402
41078,40925
41078,10632
41078,11930
41078,30984
41078,31913
41078,51998
41078,52058
6756,67
6756,33487
6756,756
38984,1294
38984,1764
38984,35767
38984,38364
38984,8311
38984,16898
38984,40668
38984,47606
38984,59736
42473,38568
42473,6449
42473,40652
42473,40707
42473,10610
42473,16343
42473,19050
42473,25943
42473,47606
42473,49953
2120,67
2120,532
2120,628
2120,1231
2120,1294
2120,1394
2120,1459
2120,1679
2120,1770
2120,2116
2120,2181
2120,2204
2120,2434
2120,6807
2120,7103
2120,7111
2120,8311
2120,10631
2120,11930
2120,13010
2120,14436
2120,15597
2120,17496
2120,19941
2120,23857
2120,23966
2120,24531
2120,26219
2120,26663
2120,26885
2120,30891
2120,31270
2120,35763
2120,35767
2120,35769
2120,35770
2120,36838
2120,38429
2120,38455
2120,38505
2120,38559
2120,38982
2120,40069
2120,40332
2120,40367
2120,40396
2120,40437
2120,40449
2120,40906
2120,40957
2120,42458
2120,47606
2120,49934
2120,51998
2120,52422
2120,56350
11930,1231
11930,1394
11930,1459
11930,2116
11930,2181
11930,38364
11930,38402
11930,38444
11930,38482
11930,38503
11930,6770
11930,39754
11930,7028
11930,40677
11930,73482
11930,10629
11930,10631
11930,10632
11930,28366
11930,30984
11930,31913
11930,49914
11930,49938
11930,49956
11930,49991
11930,50625
11930,51998
11930,52038
11930,52058
23807,532
23807,2434
38559,628
38559,1135
38559,1286
38559,2181
38559,2199
38559,2367
38559,38482
38559,38506
38559,38533
38559,38552
38559,10585
38559,10616
38559,10625
38559,21474
38559,24083
38559,24514
38559,38561
38559,38568
38559,38570
38559,38982
38559,39750
38559,40677
38559,40678
38559,49110
38559,49938
38559,51839
16998,1394
16998,1927
16998,39742
16998,42224
16998,42270
49926,1394
56245,1764
56245,40536
40678,1294
40678,2199
40678,35767
40678,38552
40678,38568
40678,6449
40678,10616
40678,11791
40678,14443
40678,17496
40678,24553
40678,26885
40678,52038
40678,59526
40678,61818
35770,532
35770,1679
35770,35763
35770,6852
35770,7111
49097,1294
49097,2199
49097,38429
49097,91764
38496,628
38496,14645
56252,1764
56252,35767
56252,38459
14926,1770
14926,2116
14926,2139
14926,2199
14926,38982
14926,40677
14926,40944
14926,41095
14926,46669
14926,25943
14926,30026
14926,49908
151550,105661
130458,38448
130458,40683
130458,42479
130458,49103
130458,51865
130458,61856
21472,2181
21472,2204
21472,35767
21472,7026
21472,40332
21472,40367
21472,10629
21472,10631
21472,49905
21472,10623
21472,28366
21472,31270
19050,1394
19050,7103
19050,10593
19050,51865
14356,1764
14356,13351
42205,1927
42205,42207
42205,42224
116551,106220
116551,41093
116551,109753
116551,144903
26219,1158
26219,1459
26219,38429
26219,38505
26219,38982
26219,10616
26219,47356
59515,2139
59515,2199
59515,38482
59515,38505
59515,40705
59515,40925
59515,10631
59515,16343
59515,49922
42310,1927
125634,161117
42213,1927
42213,42224
42213,42252
42213,42274
42213,42290
42213,42388
42184,1927
42184,42274
1719,628
1719,1294
1719,2367
1719,31264
40688,2199
40688,38521
40688,39750
40688,10616
40688,30891
40688,51839
51820,36838
51820,6898
51820,6903
51820,39750
51820,40677
51820,10616
51820,49133
51820,17775
51820,51816
40069,1770
40069,2139
40069,2181
40069,35767
40069,3580
40069,36838
40069,38364
40069,38391
40069,38393
40069,38468
40069,38481
40069,38482
40069,38505
40069,38568
40069,6449
40069,6770
40069,6807
40069,10625
40069,10629
40069,10631
40069,16343
40069,17496
40069,21474
40069,23966
40069,24553
40069,48529
40069,49922
40069,49938
40069,51822
40069,51823
40069,52391
40069,52415
40069,52427
40069,54430
40069,60583
10616,1394
10616,2199
10616,38391
10616,38501
10616,38982
10616,6752
10616,6794
10616,39750
10616,40668
10616,40677
10616,40694
10616,10602
10616,10625
10616,19941
10616,49986
10616,51816
10616,51821
10616,52360
10616,54406
10616,54414
22168,1394
22168,35767
22168,49922
31913,1158
31913,1459
31913,2116
31913,2181
31913,2199
31913,38402
31913,38448
31913,6770
31913,7028
31913,40396
31913,73482
31913,42463
31913,10593
31913,10612
31913,10632
31913,80622
31913,15831
31913,50625
31913,18893
31913,51865
31913,51998
31913,52038
31913,19678
31913,10623
31913,21474
31913,54406
31913,24083
31913,57949
31913,30984
42210,42224
42210,42243
42210,42256
40954,38571
40954,61274
1770,628
1770,2139
1770,2181
1770,6852
1770,6898
1770,7030
1770,10593
1770,10621
1770,10629
1770,10631
1770,15597
1770,16343
1770,17496
1770,18053
1770,19678
1770,19967
1770,21474
1770,22180
1770,23966
1770,24553
1770,25820
1770,30368
1770,30891
1770,31264
1770,31270
1770,35766
1770,35767
1770,36838
1770,38391
1770,38402
1770,38412
1770,38482
1770,38505
1770,42463
1770,48529
1770,49133
1770,49905
1770,49938
1770,49956
1770,51823
1770,52415
1770,52427
1770,54406
1770,56327
1770,56332
1770,56338
1770,56349
1770,56350
38500,628
38500,2199
38500,19955
38500,40652
38500,47606
40708,26885
38412,628
38412,2116
38412,36838
38412,6807
38412,10593
38412,10629
38412,10631
38412,17496
38412,18053
38412,23966
38412,25820
38412,31270
38412,38448
38412,39074
38412,42463
38412,48529
38412,49922
38412,50625
38412,51998
38412,54397
2027,1294
2027,1513
42274,1927
42274,38452
42274,42172
42274,42181
42274,42185
42274,42193
42274,42197
42274,42207
42274,42224
42274,42233
42274,42234
42274,42243
42274,42246
42274,42252
42274,42256
42274,42270
42274,15752
42274,42286
42274,42296
42274,42297
42244,42270
33487,628
33487,1764
33487,2181
33487,10612
33487,38482
33487,38555
33487,49962
33487,51878
33487,63758
26663,532
26663,1294
26663,38448
26663,38505
26663,42479
26663,42800
26663,52349
26663,19955
26663,119121
35763,532
35763,628
35763,1286
35763,1294
35763,1295
35763,1679
35763,1764
35763,7103
35763,8311
35763,13351
35763,35767
35763,38547
19941,800
19941,1294
19941,1394
19941,1679
19941,2181
19941,38444
19941,6903
19941,39750
19941,40668
19941,40677
19941,8311
19941,10631
19941,12722
19941,13351
19941,15597
19941,49938
19941,51816
628,1
628,532
628,661
628,756
628,1158
628,1231
628,1286
628,1295
628,1394
628,1459
628,1679
628,1764
628,1842
628,1994
628,2139
628,2165
628,2181
628,2204
628,2367
628,2434
628,3580
628,4427
628,6770
628,6771
628,6794
628,6807
628,7030
628,7111
628,8311
628,10509
628,10584
628,12722
628,13010
628,14645
628,15752
628,17496
628,17500
628,17775
628,23857
628,24509
628,30368
628,30442
628,30597
628,31261
628,31264
628,34394
628,35767
628,35769
628,36838
628,38364
628,38378
628,38391
628,38392
628,38393
628,38402
628,38408
628,38423
628,38429
628,38430
628,38433
628,38436
628,38444
628,38445
628,38448
628,38450
628,38452
628,38455
628,38457
628,38459
628,38464
628,38468
628,38473
628,38481
628,38482
628,38487
628,38491
628,38495
628,38501
628,38502
628,38503
628,38505
628,38506
628,38512
628,38513
628,38521
628,38528
628,38530
628,38532
628,38533
628,38538
628,38542
628,38544
628,38545
628,38546
628,38547
628,38548
628,38549
628,38551
628,38552
628,38555
628,38561
628,38568
628,38570
628,38571
628,38572
43053,1394
43053,6898
49980,1394
49980,35767
1394,1
1394,67
1394,532
1394,661
1394,756
1394,776
1394,800
1394,1211
1394,1231
1394,1265
1394,1294
1394,1295
1394,1459
1394,1471
1394,1671
1394,1679
1394,1764
1394,1927
1394,2116
1394,2139
1394,2165
1394,2204
1394,3580
1394,4868
1394,6770
1394,6779
1394,6794
1394,6837
1394,6898
1394,7028
1394,7051
1394,7057
1394,8311
1394,10602
1394,12722
1394,13010
1394,13035
1394,13351
1394,15831
1394,16227
1394,16953
1394,17496
1394,17775
1394,18402
1394,19945
1394,23223
1394,23966
1394,24516
1394,24531
1394,26566
1394,27266
1394,30368
1394,31842
1394,34394
1394,35767
1394,35769
1394,36838
1394,38391
1394,38481
1394,38487
1394,38495
1394,38503
1394,38505
1394,38545
1394,38546
1394,38549
1394,38551
1394,38552
1394,38555
1394,38561
1394,38568
1394,38571
1394,38982
1394,39742
1394,39750
1394,39754
1394,40449
1394,40704
1394,40975
1394,41095
1394,41697
1394,42252
1394,42388
1394,46128
1394,47355
1394,47979
1394,48522
1394,48526
1394,48529
1394,48783
1394,49096
1394,49901
1394,49902
1394,49903
1394,49905
1394,49908
1394,49913
1394,49914
1394,49915
1394,49922
1394,49923
1394,49924
1394,49928
1394,49933
1394,49934
1394,49935
1394,49938
1394,49939
1394,49942
1394,49944
1394,49946
1394,49948
1394,49953
1394,49955
1394,49956
1394,49961
1394,49962
1394,49965
1394,49968
1394,49969
1394,49970
1394,49972
1394,49973
1394,49976
1394,49977
1394,49981
1394,49983
1394,49986
1394,49991
1394,49992
1394,141964
5009,1492
5009,14443
5009,46975
19967,2181
19967,2367
19967,38448
19967,38506
19967,6794
19967,6955
19967,42479
19967,10593
19967,10631
19967,49905
19967,49938
19967,49991
19967,17496
19967,51865
19967,21474
19967,24553
19967,31264
19967,54406
19967,54415
19967,56332
52038,1459
52038,36838
52038,17496
52038,26885
52038,52415
42458,38448
42458,38505
42458,10610
42458,11791
42458,13010
42458,17496
42458,42479
42458,49234
6837,67
6837,1294
6837,2139
6837,2181
6837,38459
6837,38568
6837,10632
6837,16343
6837,17496
6837,28366
6837,30597
6837,52427
1231,1
1231,713
1231,776
1231,800
1231,1291
1231,1294
1231,1295
1231,1459
1231,1679
1231,1764
1231,2116
1231,2165
1231,2204
1231,8311
1231,13351
1231,16953
1231,19438
1231,35767
1231,38430
1231,38568
1231,40332
1231,40437
1231,40706
1231,40922
1231,42747
135995,161117
51839,1679
51839,36838
51839,38481
51839,38555
51839,6770
51839,40677
51839,40957
51839,21474
51839,23966
42021,39626
42021,10132
40701,6794
40701,39750
40701,40662
49935,1513
18459,1764
18459,57508
40705,2181
40705,35767
40705,38482
40705,38533
40705,38552
40705,38568
40705,39750
40705,40662
40705,40677
40705,10593
40705,30368
40705,46975
40705,49111
40705,49922
40705,49938
40705,51823
60583,38393
60583,38505
60583,46975
60583,24553
60583,92109
28366,2116
28366,2181
28366,2204
28366,2434
28366,38391
28366,6807
28366,40668
28366,10612
28366,10625
28366,10629
28366,10631
28366,10632
28366,48529
28366,49908
28366,52365
28366,52653
28366,25943
179497,119203
38459,1294
38459,34394
38459,51865
51823,2139
51823,2181
51823,38364
51823,38402
51823,38448
51823,6807
51823,6898
51823,10629
51823,10631
51823,142814
51823,46669
51823,15597
51823,17496
51823,21474
51823,23242
51823,23966
51823,24553
51823,52427
6903,67
6903,2181
6903,38506
6903,38549
6903,38568
6903,6975
6903,7057
6903,14443
6903,39750
6903,40677
6903,46975
6903,51816
6903,51821
10623,38448
10623,38549
10623,38552
10623,38568
10623,6449
10623,41095
10623,10593
10623,51865
10623,54397
10623,61818
10623,88859
16953,800
16953,1294
16953,2204
10610,38505
10610,10593
10610,22180
10610,61856
49096,1294
49096,10602
56246,1764
24509,38552
24509,38982
24509,40396
49111,1294
49111,2367
49111,38547
49111,46975
49111,16898
49111,20220
49111,51865
7051,67
38545,34394
38545,1764
38545,6898
38545,10132
38545,12722
38545,38548
38545,38549
38545,41095
38545,47011
38545,56350
38545,91883
38545,93356
38545,120146
4427,18053
49138,1294
49138,38429
49138,49094
109770,19955
109770,109772
1017,1
10612,2181
10612,6770
10612,6807
10612,7026
10612,7590
10612,73482
10612,10593
10612,10625
10612,10632
10612,17496
10612,21474
10612,24083
10612,25820
10612,27145
10612,30442
10612,31264
10612,52365
38552,2199
38552,35767
38552,38430
38552,38444
38552,38468
38552,38533
38552,6449
38552,10584
38552,10602
38552,10621
38552,24553
38552,38568
38552,38571
38552,39750
38552,40911
38552,46975
38552,49953
38552,51864
38552,62477
52427,2139
52427,2181
52427,2199
52427,2367
52427,36838
52427,38364
52427,38505
52427,38506
52427,38521
52427,38532
52427,38533
52427,38568
52427,6770
52427,7026
52427,7590
52427,10593
52427,10631
52427,46669
52427,49922
52427,49938
52427,17496
52427,23242
52427,24083
52427,24553
52427,31261
52427,54415
52427,61846
42172,1927
42172,42185
42172,42197
42172,42229
42172,42234
42172,42252
42172,42257
42172,42277
42172,42297
49908,2116
49908,2204
49908,25943
49908,30026
49908,54397
5917,67
5917,2434
5917,38391
5917,38392
5917,22180
5917,41095
5917,52365
5917,59736
18053,2037
18053,38532
18053,106220
38501,17496
38501,49133
14436,1294
14436,2199
14436,40652
14436,40906
14436,46975
14436,57909
14436,61807
14436,97553
56338,2139
56338,2181
56338,36838
56338,38429
56338,40957
56338,10631
35762,532
41697,34394
41697,2181
41697,2199
41697,3580
41697,38503
41697,10624
41697,17496
41697,24514
41697,49915
41697,49991
41697,94452
57508,38506
57508,40367
57508,41095
42198,42224
38464,1764
38464,38503
40535,776
40535,1764
40683,19955
40683,49103
42246,1927
42246,42252
51821,2199
51821,6898
51821,39750
51821,40677
51821,10625
51821,51816
104177,104180
104177,106220
6794,67
6794,776
6794,800
6794,1294
6794,34394
6794,1679
6794,2181
6794,3580
6794,38481
6794,38568
6794,6898
6794,6955
6794,6975
6794,7103
6794,10631
6794,10632
6794,12722
6794,13351
6794,24553
6794,39750
6794,40367
6794,40662
6794,40704
6794,40971
6794,40975
6794,49934
6794,49938
6794,49983
6794,79574
7111,67
7111,532
7111,38429
7111,38481
7111,38568
7111,38571
7111,38982
7111,6852
7111,21474
7111,26566
7111,40957
7111,52360
756,1
756,661
756,776
756,800
756,1286
756,1403
756,2367
756,3301
756,15752
756,18239
756,38436
12722,800
12722,35767
12722,38393
12722,38444
12722,38505
12722,38549
12722,38561
12722,39754
12722,20938
12722,47606
12722,56251
56243,1764
56243,40396
56243,8311
120146,133769
120146,38482
120146,56349
19955,1294
19955,38448
19955,40652
19955,40906
19955,42800
19955,109772
19955,47606
713,1
713,2204
38571,2139
38571,2165
38571,35767
38571,35769
38571,38533
38571,38561
38571,24553
38571,30368
38571,30891
38571,40936
38571,49981
38571,79959
11683,2139
11683,35769
11683,38455
52422,2139
52422,38505
52422,38521
52422,38982
52422,47361
38505,1294
38505,1679
38505,2181
38505,2199
38505,2434
38505,3580
38505,36838
38505,69745
38505,38429
38505,38481
38505,6898
38505,7026
38505,7030
38505,7103
38505,8311
38505,10593
38505,10632
38505,13010
38505,13351
38505,15597
38505,16343
38505,20220
38505,21474
38505,23966
38505,27145
38505,30368
38505,30597
38505,31270
38505,38521
38505,38533
38505,38568
38505,38982
38505,46669
38505,46981
38505,49094
38505,49136
38505,49938
38505,51864
38505,51878
38505,54415
38505,55352
38505,56327
38505,61207
38505,61846
38505,63292
38505,63758
38505,80666
38505,115763
38505,115764
38505,115768
38505,130678
30597,1294
30597,36838
30597,38364
30597,38455
30597,38482
30597,6770
30597,6807
30597,46669
30597,14443
30597,52415
30597,21474
30597,23242
30597,61807
30597,30368
38546,38391
38546,21474
38546,27145
38546,31264
38546,49938
38546,51878
38546,56332
88864,40668
88864,41095
88864,10624
88864,10631
40938,1294
40938,2367
40938,35767
1023,1
39626,10132
47361,1158
47361,1286
47361,1459
47361,38429
47361,38482
47361,38982
47361,6898
47361,40396
47361,11791
47361,47355
47361,24531
47361,54397
15752,38452
15752,38561
15752,42224
15752,42270
15752,42297
15752,42388
51998,1459
51998,2116
51998,35767
51998,35769
51998,38364
51998,38448
51998,38506
51998,7028
51998,73482
51998,42463
51998,10629
51998,10631
51998,10632
51998,80622
51998,15831
51998,49133
51998,18893
51998,19678
51998,30984
51998,52058
51998,52415
51998,54397
51998,54447
61207,30891
61807,2199
61807,35766
61807,40652
61807,56350
61807,24553
61807,92109
167098,91883
167098,115582
42193,42224
16898,39644
16898,15831
46115,1764
46115,10624
46115,13351
7057,67
7057,1294
7057,1679
7057,2181
7057,8311
7057,13351
34394,1294
34394,14645
34394,19927
34394,38457
34394,38503
34394,38561
34394,51878
34394,127120
6852,67
6852,1764
6852,35767
6852,38391
6852,38482
6852,38506
6852,7009
6852,22180
6852,30368
6852,40367
6852,41095
6852,41537
6852,52391
136005,136003
136005,136008
121468,105661
121468,106220
1007,1
25943,1135
25943,2116
25943,2204
25943,39754
25943,10585
25943,15597
25943,52653
49913,40694
42313,1927
51864,38364
47356,1158
47356,41095
47356,47355
151547,105661
54414,36838
54414,6807
54414,6898
54414,7026
54414,7590
54414,10593
54414,10631
54414,48529
54414,49133
54414,49938
54414,49986
54414,50625
54414,51822
54414,51878
54414,52415
54414,24083
49905,10593
49905,10631
49905,17496
49905,21474
49905,31264
49905,49938
49905,52787
49905,54397
49905,54406
49905,56332
51878,2139
51878,36838
51878,69745
51878,38391
51878,38506
51878,6807
51878,6898
51878,7026
51878,10593
51878,10625
51878,10632
51878,52391
40332,2204
40332,19438
1842,1994
1842,2139
1842,2181
1842,2199
1842,3279
1842,3580
1842,4868
1842,15843
1842,36838
1842,38378
1842,49922
38506,1294
38506,2139
38506,2181
38506,2367
38506,36838
38506,38448
38506,6770
38506,6898
38506,10631
38506,24553
38506,31270
38506,38533
38506,38568
38506,40367
38506,48522
38506,48529
38506,49938
38506,54397
38506,56349
38506,83700
42233,1927
42233,42207
42233,42224
15843,661
15843,1294
38532,38364
38532,38481
38532,6807
38532,7026
38532,7590
38532,10593
38532,10632
38532,21474
38532,23966
38532,24083
38532,27145
40706,2116
40706,2204
40706,40694
51822,2139
51822,36838
51822,6898
51822,7590
51822,40677
51822,40957
51822,10593
51822,10625
51822,48529
51822,49133
51822,49928
51822,49942
51822,49938
51822,17496
51822,23966
51822,24083
51822,52415
7009,67
7009,2434
7009,38568
7009,25820
7009,40944
7009,41095
7009,48529
56237,1764
161162,136002
161162,107747
6779,67
6779,1679
56349,2367
56349,7018
56349,42479
56349,10631
42185,1927
42185,17935
42185,42224
42185,42229
42185,42234
42185,42248
42185,42252
42185,42311
48783,2165
3279,1764
42257,42171
42257,42180
7026,67
7026,2181
7026,2199
7026,36838
7026,38364
7026,38481
7026,7028
7026,10593
7026,10602
7026,10625
7026,10632
7026,17496
7026,21474
7026,27145
7026,31270
7026,46012
7026,49938
7026,49944
7026,73482
7026,80383
42282,42197
42282,42277
3301,776
3301,800
3301,2434
30442,1764
30442,36838
19250,1927
19250,42224
19250,42268
7103,67
7103,1679
7103,2181
7103,38481
7103,40906
7103,47606
56240,1764
40906,1294
40906,38538
40906,13351
40906,40911
40906,46975
40906,47606
40906,49938
45062,1135
45062,119203
24514,2181
24514,2199
24514,36838
24514,6898
24514,23918
38487,2181
2139,532
2139,1135
2139,1286
2139,2116
2139,2181
2139,2367
2139,2434
2139,6770
2139,6807
2139,6898
2139,10621
2139,10625
2139,10631
2139,10632
2139,17496
2139,23966
2139,24531
2139,25820
2139,31270
2139,35767
2139,36838
2139,38429
2139,38533
2139,40936
2139,40957
2139,40958
2139,48529
2139,49133
2139,49928
2139,49938
2139,49981
2139,49992
2139,52415
2139,52787
2139,54397
144482,51865
18724,35767
49992,39754
49992,49133
42224,1927
42224,39742
42224,42197
42224,42207
42224,17935
42224,18239
42224,42229
42224,42234
42224,42243
42224,42252
42224,42262
42224,42263
42224,42270
42224,42277
42224,42286
42224,42290
42224,42294
42224,42296
42224,42297
42224,42388
38457,8311
38468,6449
38468,38561
49939,49903
80622,10593
80622,51865
80622,54447
884,1
884,2367
40957,35767
40957,35769
40957,36838
40957,38533
40957,38547
40957,10624
40957,10625
40957,15428
40957,24516
40957,49133
107747,135998
107747,136002
107747,18893
42277,1927
42277,39742
42277,42260
42277,42286
42277,42297
38503,1294
38503,38548
38503,94452
39742,1927
39742,18239
6955,67
6955,1294
6955,2181
6955,38568
6955,6449
6955,16343
6955,17496
6955,21474
6955,31264
6955,56332
42243,17935
42243,42256
42243,42270
42243,42297
10602,1679
14645,1764
14645,13351
49976,2181
144831,91883
144903,106220
144903,116550
56247,1764
38211,623
38211,38208
38211,17775
142813,49234
38436,661
38436,2181
38436,8311
40449,1459
40449,2165
40449,2181
40449,3580
40449,40707
40449,48522
49986,6752
49986,6898
49986,24083
49986,31264
49986,52415
46101,10631
48522,1265
48522,2181
48522,2199
48522,3580
48522,38533
48522,38538
48522,39750
48522,40367
48522,49938
48522,56234
48522,127120
56241,1764
52787,1513
52787,6898
52787,52391
40669,2181
40968,39084
40968,40668
40968,52391
13010,1294
13010,2199
13010,35767
13010,38450
13010,47606
55352,1679
55352,38448
55352,46975
55352,61818
144486,51865
42197,1927
42197,42219
42197,42234
42197,42286
42197,42294
6898,67
6898,2434
6898,35767
6898,36838
6898,38364
6898,6770
6898,7590
6898,10625
6898,17775
6898,23918
6898,23966
6898,24083
6898,24520
6898,24531
6898,26566
6898,26885
6898,39750
6898,40677
6898,40958
6898,41095
6898,42646
6898,46669
6898,47355
6898,49928
6898,49938
6898,59526
6898,73686
6898,79574
6898,79621
6898,79959
6898,79963
73686,40694
73686,10629
73686,17496
1679,1294
1679,24516
1679,35767
1679,38450
1679,38482
1679,38549
1679,38561
1679,39750
1679,52360
40944,38568
40944,24553
40944,42479
40944,61274
35766,532
35766,1286
35766,13351
35766,35767
35766,61846
39644,700
39644,1294
39644,1513
87968,10132
7031,67
830,1
176221,109753
40437,1295
40437,2199
40437,2204
40437,39750
40437,15597
40437,19678
40437,42747
40437,61274
31270,2181
31270,36838
31270,38364
31270,38391
31270,38533
31270,38568
31270,6975
31270,7590
31270,10632
31270,46621
31270,46669
31270,49133
31270,49136
31270,49938
31270,17496
31270,21474
31270,23966
31270,24083
31270,24553
31270,27145
31270,27266
31270,30891
31270,31261
56251,1764
56251,38572
40971,2181
40971,3580
88734,10593
88734,48529
104651,17496
104651,41095
61287,2181
61287,41095
46012,41095
46012,27145
46669,2181
46669,36838
46669,38364
46669,38391
46669,38533
46669,38982
46669,6807
46669,10593
46669,10632
46669,49094
46669,49922
115768,115763
115768,115764
161117,106220
107749,18893
8311,661
8311,1286
8311,1294
8311,35767
8311,38429
8311,38450
8311,38495
8311,38561
8311,39750
8311,7018
8311,42747
8311,47606
38548,1764
38548,38423
38548,17775
38548,130776
3580,67
3580,623
3580,1294
3580,2181
3580,2434
3580,35767
3580,15597
3580,38393
3580,38481
3580,38512
3580,40367
3580,40652
3580,40911
38444,2181
38444,40677
38444,49914
38444,49953
49933,20129
6975,67
6975,2181
6975,38568
6975,10593
6975,10624
6975,17496
40975,1294
40975,40652
40975,46975
40975,54406
56350,45448
56350,15428
56350,49133
56350,148523
56350,52415
56350,54397
56350,92109
623,1
623,33182
623,661
623,1295
623,2181
623,17775
623,38208
16343,1294
16343,2181
16343,38364
16343,38568
16343,6449
16343,10585
16343,10631
16343,12596
16343,24553
16343,49922
47979,1211
47979,1265
47979,2181
24083,36838
24083,38555
24083,6770
24083,6807
24083,7028
24083,7590
24083,40694
24083,10593
24083,10632
24083,49938
24083,52365
24083,52415
24083,21474
24083,23223
24083,23966
24083,27145
24083,57949
1459,2116
1459,2434
1459,7028
1459,26885
1459,30984
1459,35769
1459,39074
1459,52058
49956,49991
2367,1294
2367,1492
2367,2181
2367,6770
2367,10631
2367,14443
2367,36838
2367,38448
2367,38512
2367,38533
2367,38568
2367,48529
2367,54397
51865,38448
51865,38481
51865,42479
51865,10593
51865,11791
51865,49094
51865,49103
51865,49136
51865,18596
51865,20220
51865,30891
51865,54415
51865,54430
51865,62477
51865,88859
51865,91764
46128,1212
6752,67
6752,1764
6752,2181
6752,46975
6752,49991
6752,63292
1212,1
1212,67
1212,39754
49981,40668
49981,40677
40652,2199
40652,38538
40652,39074
40652,40911
40652,47606
40652,49991
38208,17775
17935,1927
17935,42270
40673,38448
91883,76138
91883,115582
47606,1294
47606,2199
47606,35767
47606,13351
47606,59729
19678,38455
19678,6770
19678,42463
19678,10593
19678,11791
19678,54447
19678,56332
79959,36838
79959,49133
25820,1994
25820,2181
25820,38482
25820,38982
25820,41095
25820,10593
25820,10629
25820,10631
25820,48529
25820,54397
25820,23223
35767,532
35767,700
35767,776
35767,1286
35767,1295
35767,1513
35767,1764
35767,2165
35767,2181
35767,2204
35767,2434
35767,7018
35767,10621
35767,10631
35767,13351
35767,15831
35767,17775
35767,20376
35767,24520
35767,30368
35767,35769
35767,38481
35767,40694
35767,48529
35767,49133
35767,59734
35767,79621
35767,94452
35767,109753
49094,1294
49094,39750
49094,88735
42280,1927
42280,42248
38429,1158
38429,1294
38429,2199
38429,6449
38429,10629
38429,17496
38429,23966
38429,24531
38429,38482
38429,38533
38429,38544
38429,38561
38429,38982
38429,40396
38429,47355
38429,49136
38429,57685
38429,62477
15597,1291
15597,100262
15597,2204
15597,40668
15597,40911
15597,24553
15597,52653
7590,36838
7590,69745
7590,38364
7590,6807
7590,10593
7590,10632
7590,23966
7590,27145
7590,48529
7590,49133
7590,49938
7590,52365
7590,73482
61818,2199
61818,49234
61818,59526
1286,1
1286,532
1286,661
1286,1294
1286,35769
48529,1265
48529,2181
48529,2434
48529,36838
48529,38450
48529,6770
48529,6807
48529,40367
48529,10593
48529,10625
48529,10631
48529,79621
48529,23223
48529,23966
48529,24553
48529,30984
48529,31261
48529,49928
48529,50625
48529,52349
48529,52365
48529,52391
1994,1471
1994,4868
1994,17500
76138,38391
51816,39750
51816,40677
23242,10593
23242,10631
23242,50625
23242,23223
49922,2181
49922,2199
49922,36838
49922,38402
49922,38568
49922,15831
49922,49136
49922,21474
49922,23966
49922,24553
49922,49942
10132,41537
42207,1927
42297,1927
42297,38452
42297,42256
42298,1927
1158,1
1158,2181
1158,10625
1158,10629
1158,23966
1158,24531
1158,30368
1158,38391
1158,38568
1158,38982
1158,40396
1158,47355
38423,49133
38423,59734
38423,92109
30026,2116
30026,14443
30026,49991
30026,52653
49239,38482
49239,41095
38549,1764
38549,2199
38549,38481
38549,57685
38549,88735
38549,97553
38549,127120
38549,130780
49340,1764
49340,27266
38495,2181
38495,49965
151552,105661
151552,62458
38482,1294
38482,2181
38482,38391
38482,6449
38482,10629
38482,18893
38482,24531
38482,30891
38482,38982
38482,40367
38482,40694
38482,41095
38482,42646
38482,49136
38482,54415
38482,123229
39213,661
30984,1513
30984,36838
30984,6770
30984,15831
115582,41095
115582,82207
38982,2199
38982,38533
38982,38568
38982,24531
38982,24553
38982,40396
38982,40662
38982,47355
46621,2165
52360,38481
52360,40677
52360,10593
52360,10625
52360,24516
7018,67
25000,1764
38430,1295
42646,2204
42646,40668
42646,52653
38521,10625
38521,10632
38521,21474
38521,24553
38521,38568
1294,1
1294,532
1294,621
1294,661
1294,800
1294,1295
1294,1471
1294,2165
1294,2199
1294,6449
1294,6770
1294,13351
1294,17496
1294,30891
1294,31264
1294,35769
1294,38393
1294,38402
1294,38448
1294,38450
1294,38533
1294,38568
1294,39084
1294,39750
1294,40367
1294,41095
1294,42747
1294,49103
1294,49110
1294,49133
1294,49136
621,1
621,800
621,1403
49914,38547
49914,38568
49914,17496
49914,21474
49914,49953
49914,52391
40925,10629
105507,17775
105507,93356
39750,2181
39750,2199
39750,39084
39750,10625
39750,10631
39750,13351
39750,20220
39750,26885
39750,40367
39750,40668
39750,40677
39750,40694
39750,40704
39750,59526
42248,42270
109753,39643
109753,106220
109753,41093
109753,173676
109753,80043
109753,116550
109753,176218
79963,36838
79963,10593
79963,61274
1513,700
1513,1764
1513,2181
1513,13351
1513,15831
6807,67
6807,2181
6807,2199
6807,36838
6807,6770
6807,10593
6807,10631
6807,10632
6807,17496
6807,21474
6807,27145
6807,27266
6807,41095
6807,49133
6807,49938
6807,50625
6807,52415
6807,79621
46975,2181
46975,2199
46975,38547
46975,40668
46975,40677
46975,40911
46975,45448
46975,14443
46975,30891
46975,49938
46975,59729
38391,10593
38391,10629
38391,10631
38391,10632
38391,17496
38391,21474
38391,24553
38391,40396
38391,49938
38391,52349
38391,52415
91764,38448
91764,11791
91764,21474
91764,120143
91764,88859
49944,38481
49944,6771
48526,1265
27266,1764
27266,2199
27266,56332
80383,38481
80383,41095
119203,104656
119203,82207
49953,52391
38555,2434
38555,18893
38555,23966
18893,2199
18893,38448
18893,10593
18893,16113
18893,83700
18893,52365
18893,52415
16113,42463
1927,42181
1927,42229
1927,42234
1927,42260
1927,42262
1927,42263
1927,42270
1927,42286
38408,30368
104180,106220
22180,2181
22180,2434
22180,38568
22180,41095
22180,21474
23966,2181
23966,36838
23966,38364
23966,6770
23966,10593
23966,10625
23966,45448
23966,49133
23966,49136
23966,49938
23966,17496
23966,52365
23966,52415
23966,21474
23966,30368
183955,135998
21474,2199
21474,36838
21474,38364
21474,38568
21474,6770
21474,41095
21474,42463
21474,10593
21474,10625
21474,10629
21474,10631
21474,10632
21474,49133
21474,49938
21474,49991
21474,17496
21474,24553
21474,26566
21474,27145
21474,31264
21474,54406
21474,56332
21474,62477
38561,1764
38561,10584
38561,13351
38561,62477
1181,1
42388,42270
179475,135999
800,1
800,1471
800,17496
800,38402
1291,1
38538,40367
38538,52391
40662,2181
40662,39754
47355,36838
47355,24531
13351,661
13351,1295
13351,38393
33182,17775
42294,42219
94452,17775
38455,38533
38455,41095
52365,6770
52365,10593
52365,10632
52365,49938
52365,50625
52365,52415
42290,42229
42290,42252
30368,2165
30368,36838
30368,17496
30368,31261
30368,31264
24516,2199
24516,10624
46981,12596
46981,115763
40536,776
40536,1764
136003,135999
136003,136008
92109,14443
92109,49110
61274,2181
61274,41095
61856,2199
61856,36838
61856,38448
61856,10593
61856,49103
142814,49234
35769,532
35769,10585
35769,10621
35769,10632
35769,17496
35769,36838
35769,40367
35769,52415
69745,6770
11791,38448
11791,40367
11791,52349
45448,10629
45448,24553
52391,10631
52391,49928
52391,52415
7030,67
7030,2204
50625,6770
50625,40367
50625,10593
50625,10625
50625,10629
50625,10631
36838,2116
36838,2181
36838,6770
36838,10593
36838,10621
36838,10625
36838,10631
36838,10632
36838,17496
36838,38364
36838,38448
36838,38481
36838,40367
36838,40677
36838,42479
36838,49133
36838,49938
36838,52058
36838,52349
36838,52415
52653,2116
52653,41095
52653,10631
10631,2116
10631,2181
10631,2204
10631,38402
10631,38448
10631,38568
10631,7028
10631,40367
10631,40668
10631,40677
10631,10593
10631,10621
10631,10629
10631,15831
10631,17496
10631,24553
10631,29975
10631,49938
10631,52349
10631,62477
6771,67
6771,38481
6771,7028
10632,38568
10632,7028
10632,40396
10632,40694
10632,10593
10632,10625
10632,17496
10632,27145
10632,49938
10632,56332
38393,2165
38393,2181
1403,1
1403,17500
62458,105661
52415,2116
52415,2181
52415,38364
52415,38448
52415,38533
52415,40396
52415,73482
52415,42463
52415,10593
52415,10625
52415,15831
52415,49938
10624,2181
10624,2199
10624,40702
10624,15428
10624,17496
10624,49110
61846,2199
61846,57909
40663,26885
42286,42268
42286,42270
42219,42268
1764,776
1764,2181
1764,17775
1764,40367
1764,56234
1764,56249
1764,56250
23223,2434
40960,24553
88859,38448
97553,57909
88735,10593
40396,2434
40396,38448
40396,10629
40396,24531
700,1
700,39643
40707,39084
40707,26885
49136,2199
49136,38448
49136,38533
49136,42479
49136,10593
1295,1
1295,776
1295,2165
1295,2204
797,1
2181,67
2181,532
2181,1211
2181,1265
2181,2199
2181,2204
2181,2434
2181,6770
2181,6838
2181,10584
2181,10625
2181,10629
2181,15831
2181,16227
2181,17496
2181,17775
2181,19945
2181,24553
2181,30891
2181,31264
2181,38364
2181,38448
2181,38512
2181,38568
2181,40367
2181,40668
2181,40677
2181,40911
2181,42479
2181,49133
2181,49934
2181,49938
2181,52349
2181,54397
2181,54430
661,1
38448,10593
38448,10629
38448,17496
38448,30891
38448,40367
38448,42479
38448,49103
38448,54406
38448,54415
38448,54447
56332,38392
56332,10593
56332,80666
56332,49938
56332,17496
56332,52058
56332,54397
56332,54406
56332,31264
10584,38533
10584,62477
123229,41095
123229,30891
38392,15831
38392,49938
10593,38481
10593,38568
10593,6770
10593,40367
10593,42463
10593,42479
10593,10621
10593,10625
10593,17496
10593,27145
10593,31264
10593,49103
10593,49938
10593,54406
10593,54415
10593,54447
10593,62477
10593,83700
42747,2204
54430,49938
52349,10629
42229,42252
2165,776
2165,39754
42463,10629
42463,54406
1211,1
1211,1265
15428,17496
15428,49110
15428,49133
2116,2204
2116,6770
2116,7028
2116,10629
2116,38402
2116,38533
2116,54397
40367,2199
40367,2434
40367,38481
40367,38533
40367,38568
40367,10621
40367,15831
40367,24531
40367,40668
40367,41095
40367,49133
40367,49938
49103,42479
14443,1492
14443,38568
10625,38568
10625,6770
10625,40677
10625,17496
10625,49133
100262,39643
100262,106220
100262,116550
6770,67
6770,38364
6770,7028
6770,17496
6770,31261
6770,49938
6770,49991
42800,2204
1315,1
6449,2199
6449,38402
6449,38568
6449,10585
6449,12596
38364,2199
38364,10629
38364,15831
38364,17496
38364,24553
38364,26885
38364,38533
38364,39084
38364,40677
38364,49938
38364,62477
49133,73482
49133,42479
49133,10621
49133,17496
49133,49938
49110,2199
49110,17496
38568,2199
38568,38533
38568,24553
38568,31264
38568,40911
38568,49938
38568,54406
38568,57909
38568,62477
10585,40704
83700,42479
83700,17496
135999,136008
98297,63292
1135,1
49234,142812
49234,63292
49234,115764
42296,42256
31264,49938
31264,17496
31264,54406
31264,27145
67,2434
67,6838
67,7028
38481,7028
38481,40911
38481,49938
38481,73482
49942,54397
38533,17496
38533,24553
38533,30891
38533,40668
38533,54397
38533,62477
49938,40958
49938,42479
49938,17496
49938,24553
49938,54406
26885,39084
26885,40677
26885,40711
776,1
24553,2199
24553,2434
24553,38402
24553,40911
24553,15831
24553,49991
24553,17496
24553,54415
24553,59729
24553,62477
31261,2434
31261,17496
174746,106220
23857,2434
104656,17496
20220,2199
27145,2199
27145,17496
49991,2199
49991,38450
49991,54406
54397,42479
115764,115763
17496,42479
17496,10621
17496,54447
40677,40668
40677,10621
40677,40694
17775,39074
17775,40668
17775,45471
40668,1265
40668,15831
2199,30891
2199,40702
2199,54415
1238,1
38450,2434
2434,30891
1265,1
10629,54447
39074,45471
49928,40958
54415,30891
906,1
54447,42479
116550,106220
63292,42479
73482,7028
54406,38570
106220,39643
24531,41095
