5,40.7612,-73.9869
15,40.7588,-73.9852
22,40.7559,-73.9824
23,42.0321,-76.0173
34,40.7545,-73.9772
36,40.7805,-73.9668
143,40.7381,-73.9906
213,41.2486,-76.9663
223,40.6439,-73.7828
243,41.0835,-74.0586
298,40.7377,-73.9838
345,40.7058,-74.0096
378,40.7392,-73.9946
395,43.7224,-79.237
417,40.7738,-73.9809
459,40.7692,-73.9816
487,40.7283,-73.9995
492,40.9502,-72.1991
522,40.7244,-73.9924
526,40.7715,-73.9561
555,41.8979,-73.9738
578,40.7508,-73.9676
579,43.5932,-79.5174
590,40.7299,-73.9974
601,40.7439,-73.9838
604,40.8148,-74.219
607,40.7764,-73.9477
646,42.9175,-78.877
682,40.7415,-73.9939
687,41.7994,-73.1314
688,41.8117,-72.851
722,40.695,-73.9952
770,40.7993,-74.4822
776,43.65,-79.3894
868,40.7264,-74.0043
883,41.37,-72.0614
895,43.1592,-79.2425
953,41.2405,-75.9014
959,40.8047,-73.9667
974,40.7632,-73.9836
991,40.7202,-74.0049
992,40.7318,-74.042
1004,40.7959,-74.4691
1005,43.6524,-79.398
1014,40.7405,-73.9867
1032,43.6443,-79.5599
1104,40.7445,-73.9984
1132,40.5848,-74.6188
1134,40.8269,-73.9281
1156,43.8251,-79.5391
1214,40.7727,-73.9816
1236,40.8269,-73.9281
1255,40.7557,-73.9869
1263,40.7596,-74.4164
1269,40.75,-74.0272
1317,42.8137,-73.94
1327,40.7345,-73.4859
1359,43.6575,-79.5826
1428,40.7526,-73.9757
1500,40.6703,-73.9855
1503,44.3917,-79.6929
1522,40.7146,-73.9439
1527,40.7377,-74.0313
1537,40.7399,-73.9849
1541,40.7266,-74.0246
1546,41.0068,-73.811
1556,40.7781,-73.6357
1557,43.13,-77.4764
1615,40.7607,-73.9662
1620,41.3565,-74.6942
1631,40.7805,-73.9668
1648,40.6396,-73.9676
1684,40.736,-74.1512
1687,43.0166,-73.8652
1705,40.6414,-75.4309
1746,43.119,-77.4827
1759,40.7569,-73.9862
1762,40.6877,-73.987
1763,40.7558,-73.9908
1783,40.7222,-73.9889
1786,40.7277,-73.6004
1800,40.8593,-73.8992
1807,40.5136,-74.4653
1810,40.7268,-74.0347
1973,40.7611,-73.9851
2009,40.7506,-73.9934
2047,43.8621,-78.9427
2059,43.6284,-79.6759
2065,40.7214,-73.9881
2080,40.7675,-73.9886
2081,40.7694,-73.9854
2082,40.7692,-73.9885
2105,40.7428,-73.9998
2132,40.7365,-74.1504
2153,40.7571,-73.642
2180,40.7953,-74.2603
2221,40.6439,-73.7828
2235,40.5509,-74.7101
2242,41.0469,-73.5419
2245,40.6772,-73.9727
2263,40.8269,-73.9281
2290,41.5303,-73.8932
2329,40.8025,-73.9589
2412,40.7426,-73.9917
2439,40.6706,-73.9818
2557,40.9629,-76.617
2683,43.1049,-77.7462
2791,41.3315,-73.0804
2798,40.7632,-73.9832
2964,40.6715,-73.9843
2972,40.7991,-73.4107
3011,41.4573,-74.0499
3132,40.7185,-73.9886
3221,43.7908,-79.3924
3250,40.975,-74.0996
3254,40.6658,-75.3834
3350,40.7445,-74.0288
3399,43.0395,-76.2724
3400,43.0498,-76.0724
3464,41.7611,-72.7393
3480,40.7791,-73.9774
3490,40.7497,-74.1353
3498,40.7229,-74.0074
3526,40.7642,-73.9884
3550,40.7431,-74.0057
3553,40.742,-74.0047
3598,40.7746,-73.872
3663,40.7062,-73.9501
3671,43.6486,-79.3796
3698,40.7348,-73.9886
3711,40.7342,-74.1645
3720,40.7582,-73.9821
3805,40.7074,-74.0114
3830,40.7961,-74.4809
3853,41.1554,-73.7747
3866,40.761,-73.9869
3897,44.2322,-76.4843
3906,40.7596,-73.9813
3922,42.1565,-71.9643
3986,43.0841,-77.6763
4039,40.7528,-73.9773
4067,40.674,-75.3438
4080,40.7515,-73.994
4128,40.7855,-74.0459
4196,40.7042,-73.9849
4330,40.6439,-73.7828
4342,40.7227,-74.0047
4345,40.7297,-74.0042
4348,40.7217,-73.9969
4359,40.7292,-73.9844
4363,40.7616,-73.9704
4387,40.6459,-73.7765
4412,40.9273,-73.7841
4413,41.3366,-73.7969
4435,42.9301,-75.8551
4447,40.7855,-73.9766
4487,40.7414,-73.9881
4516,40.6766,-74.0135
4521,40.7292,-73.9888
4543,42.9819,-79.2713
4553,41.143,-73.257
4565,43.6508,-79.3753
4572,40.7247,-73.9958
4573,43.6433,-79.3987
4591,44.3231,-78.335
4593,40.7175,-73.9588
4595,40.6211,-74.0318
4599,40.6888,-73.989
4600,40.7545,-73.9842
4602,42.0905,-72.6184
4604,40.7207,-73.9939
4605,40.9175,-74.0576
4649,40.7546,-73.9931
4666,40.6847,-74.2399
4679,40.7462,-73.984
4682,40.6884,-73.9884
4686,40.7688,-73.8622
4689,43.6634,-79.3499
4694,43.657,-79.4044
4720,40.7569,-73.9928
4744,40.7175,-74.0106
4771,40.7958,-74.3157
4814,40.7351,-73.8743
4817,40.7698,-73.9868
4836,40.6795,-73.9683
4848,40.729,-73.9871
4850,40.6711,-73.9847
4873,40.7378,-73.9879
4892,40.7628,-73.9929
4902,40.772,-73.9751
4918,40.7134,-73.9624
4920,40.7167,-74.0061
4924,40.7082,-73.9264
4925,40.7438,-74.1795
4926,40.7179,-74.0046
4928,40.7539,-73.9911
4929,40.6724,-73.9579
4933,40.739,-73.9848
4935,40.7424,-73.9906
4938,40.7192,-73.9861
4939,40.6824,-73.9935
4942,40.7169,-73.9583
4943,41.3791,-73.4821
4944,40.7647,-73.9858
4945,40.7236,-73.9516
4954,42.2632,-73.7678
4955,40.7448,-73.9973
4962,42.9516,-78.8653
4963,40.7253,-73.9922
4970,41.3801,-73.481
4971,43.6716,-79.3802
4972,40.7496,-73.9776
4978,40.7058,-73.9967
4982,40.7151,-73.9496
4985,40.7728,-73.9584
4986,40.6401,-73.7864
4987,40.7554,-73.9253
4991,40.8438,-73.9115
4994,43.8446,-79.3813
4996,40.7358,-73.9904
4998,40.7373,-73.991
5001,40.6885,-73.9915
5003,40.7602,-73.9911
5014,40.7814,-73.9797
5015,40.7288,-73.9954
5018,40.73,-73.9996
5021,40.7689,-73.9552
5024,40.7309,-74.0073
5040,42.4442,-73.2535
5046,42.952,-76.5455
5064,40.6931,-73.9912
5117,41.3116,-72.9296
5238,40.7283,-73.9854
5285,40.7179,-73.9915
5298,40.7259,-73.9929
5309,40.7234,-74.0088
5312,40.73,-73.9836
5330,40.7198,-74.0042
5422,44.2837,-73.9819
5459,43.4889,-79.7174
5463,40.7417,-73.9934
5486,40.7465,-73.9825
5489,41.203,-73.3791
5537,43.6607,-79.3956
5589,40.7185,-74.0058
5594,40.6821,-73.9823
5605,40.777,-73.9543
5615,40.5882,-73.6714
5616,40.7613,-73.9775
5630,40.7746,-73.872
5701,40.7235,-73.953
5717,40.7285,-73.9969
5791,40.7405,-74.0017
5818,40.7526,-74.0074
5822,40.7118,-73.949
5824,43.6783,-79.4409
5826,40.795,-73.9722
5862,40.6439,-73.7828
5870,43.0884,-77.5818
5874,42.0931,-76.8123
5878,40.8909,-72.3747
5884,40.7242,-74.044
5894,43.155,-77.6189
5899,43.7016,-79.3973
5902,42.4401,-76.4958
5913,43.0423,-77.4606
5915,40.7799,-73.9503
5918,43.0283,-77.4387
5919,42.8275,-77.7015
5924,43.6458,-79.3937
5928,43.6848,-79.3164
5929,43.1464,-77.6171
5943,40.7399,-73.9849
5946,42.4086,-77.2146
5959,43.1009,-77.6118
5960,43.6665,-79.4513
5962,40.7652,-73.9755
5963,43.155,-77.6189
5966,43.0728,-77.626
5976,43.0298,-77.4428
5979,43.1427,-77.6018
5980,43.1551,-77.6189
5984,40.5854,-74.6185
5985,41.0567,-73.5383
6005,43.127,-77.5645
6019,40.7425,-74.004
6024,40.7303,-73.9983
6026,40.7253,-73.9838
6033,40.6864,-73.9749
6083,40.696,-73.9424
6096,40.7216,-73.9954
6101,40.643,-73.7822
6168,41.8029,-72.2472
6197,40.7227,-73.9953
6258,40.7514,-73.8447
6338,40.7271,-74.0076
6351,40.7211,-73.9877
6379,40.7034,-73.9901
6393,41.7059,-73.9392
6408,40.7173,-73.9544
6475,41.3001,-72.3784
6481,40.7427,-73.9984
6499,40.7069,-73.9495
6521,40.7821,-73.9814
6540,40.7405,-74.006
6606,40.7017,-73.7961
6636,40.6899,-73.986
6639,40.6873,-73.9901
6709,43.6501,-79.4505
6715,42.1074,-75.9094
6719,43.6429,-79.4252
6720,43.6548,-79.4208
6823,40.7775,-73.9831
6866,43.7701,-79.365
6951,40.8296,-74.1392
6959,41.4789,-72.7989
7001,41.7033,-72.6599
7074,40.7428,-73.9998
7165,40.7439,-73.9872
7178,43.6467,-79.3902
7229,40.8901,-73.8908
7269,42.9208,-78.8813
7282,40.7166,-73.9588
7286,40.7443,-73.9904
7289,40.7293,-74.0096
7301,40.7808,-73.9765
7308,40.7369,-73.9846
7313,40.7693,-73.9958
7334,40.7587,-73.9871
7352,40.7204,-73.9934
7359,40.7027,-73.9812
7466,40.7183,-73.9904
7470,43.6494,-79.3762
7481,40.7205,-74.0114
7508,40.728,-73.9916
7515,40.7506,-73.9934
7602,40.7274,-74.0082
7616,40.8504,-74.0749
7623,41.8254,-72.8938
7641,40.7389,-73.9875
7665,44.4781,-73.2114
7668,40.7358,-73.9904
7761,40.7746,-73.872
7827,43.4431,-79.7277
7840,40.6439,-73.7828
7867,40.7386,-73.9858
7928,40.7138,-74.0094
7960,40.724,-73.9964
7981,40.751,-73.9869
7990,40.7429,-73.9816
7998,40.7665,-73.9785
8000,40.7532,-73.9822
8008,40.9861,-73.6824
8019,43.8493,-79.3521
8155,40.8551,-73.9392
8244,40.7436,-74.0069
8287,40.728,-73.9916
8403,40.726,-73.986
8410,40.7039,-73.9891
8415,43.6505,-79.3854
8423,40.6112,-74.6871
8478,41.573,-75.2542
8480,43.617,-79.5385
8491,40.7528,-73.9773
8620,40.7336,-74.0021
8643,40.8041,-73.9504
8661,41.9263,-72.6765
8662,40.7985,-73.9414
8664,43.672,-79.3877
8792,40.8296,-74.1392
8811,40.7831,-74.3765
8812,40.7235,-73.9983
8817,41.7588,-72.7439
8897,40.8269,-73.9281
8910,41.5444,-72.0544
8917,40.7218,-73.9963
8920,44.4681,-73.2149
8922,40.8058,-73.9659
8952,40.6107,-75.3821
9083,40.7179,-74.0012
9084,40.7816,-73.9533
9094,43.7416,-79.5938
9099,43.6446,-72.309
9158,40.7651,-73.9799
9179,40.7588,-73.9718
9216,40.7558,-73.973
9299,43.6467,-79.3959
9321,40.6721,-74.0109
9338,40.7166,-73.9588
9395,40.6765,-73.9803
9497,43.5932,-79.6669
9541,40.7525,-73.9728
9618,43.9431,-78.8475
9619,40.687,-73.9913
9661,40.729,-73.9871
9703,41.9146,-72.6205
9796,40.7616,-73.9817
9861,40.7503,-73.992
9901,41.0418,-74.0747
10139,40.7527,-73.9936
10165,41.2732,-72.6685
10370,44.8465,-74.3016
10441,42.6516,-73.7514
10451,40.7591,-73.9849
10484,40.7458,-73.9882
10492,40.7237,-73.9922
10680,40.7273,-73.9997
10697,40.6808,-73.9756
10794,40.7439,-73.9949
10828,40.7192,-73.9974
10842,41.7409,-72.1764
10855,40.5766,-73.9664
10864,41.6666,-73.9293
10980,40.7181,-73.9901
10988,40.7006,-73.992
11051,43.6547,-79.4201
11117,43.6426,-79.4269
11160,41.3278,-72.9605
11321,40.7425,-74.006
11329,42.2729,-72.6637
11403,40.7414,-73.9881
11420,40.726,-74.009
11428,40.7685,-73.9829
11432,40.8103,-77.9276
11473,40.6741,-74.2299
11485,42.7152,-73.8149
11522,40.7542,-73.9883
11544,40.9932,-74.0301
11593,40.7292,-73.9873
11613,40.7723,-73.9834
11617,42.3201,-72.6291
11678,41.0196,-73.5587
11697,40.7459,-73.981
11714,40.6859,-73.994
11718,40.7751,-73.9688
11783,40.6865,-73.99
11794,40.7232,-73.983
11824,43.1982,-77.4994
11870,40.7374,-74.0051
12012,40.7312,-74.0029
12038,42.9044,-78.78
12146,40.6849,-74.0261
12148,40.7746,-73.872
12163,40.7322,-73.9764
12238,41.4632,-75.6435
12433,40.6718,-73.984
12545,43.6525,-79.3837
12604,40.7512,-73.9975
12701,40.5458,-74.331
12739,40.7222,-74.0082
12754,43.8683,-79.3116
12828,40.5165,-75.7788
12896,40.7438,-73.9243
12899,43.6545,-79.402
12967,40.7474,-73.9933
12981,43.7966,-79.4285
12982,44.5907,-79.4253
13052,40.8671,-73.1331
13063,44.2262,-76.4914
13107,40.884,-74.7063
13247,40.8121,-74.2018
13263,40.7118,-73.9454
13274,40.8059,-73.9894
13390,41.0995,-73.4193
13393,41.1973,-73.6803
13426,44.0527,-79.4804
13622,40.7613,-73.9775
13644,40.7707,-73.9549
13670,40.7581,-73.9772
13732,43.6507,-79.479
13756,43.6464,-79.408
13764,43.7028,-79.3337
14523,40.7561,-73.9903
14658,40.7497,-73.9815
14745,40.7532,-74.4062
14877,40.7636,-73.9729
14906,40.7143,-74.006
15094,40.7068,-73.6679
15451,41.4917,-72.0914
15594,40.6942,-73.9921
15845,43.1846,-79.3756
15895,44.6967,-73.4835
15962,43.9013,-78.8681
15990,41.1411,-73.2591
16182,40.7142,-73.9973
16428,40.6947,-73.9941
16581,40.9164,-74.0766
16649,40.7425,-73.9899
16787,40.7638,-73.9704
17198,43.7102,-79.3615
17263,43.7991,-79.5075
17426,40.755,-73.9916
17476,43.7156,-79.6042
17517,40.7684,-73.9821
17592,40.7424,-73.983
17696,40.6711,-73.9845
17720,40.5752,-74.1675
17793,40.7646,-73.9784
18124,41.4125,-75.6545
18406,40.7579,-74.0023
18528,40.7569,-73.9862
18614,40.7249,-73.9811
18790,40.6424,-73.974
18862,44.2601,-72.5762
18871,42.736,-73.6872
19026,40.68,-74.3028
19053,40.7643,-73.974
19175,41.6656,-72.7821
19228,41.1106,-73.5466
19388,40.7237,-73.9922
19701,43.0441,-76.1914
19866,43.8222,-79.1817
19904,40.7609,-73.98
19986,43.3732,-79.7607
20111,40.7758,-73.9563
20142,40.7506,-73.9934
20330,43.0958,-78.9522
20332,40.9025,-74.1656
20333,40.9384,-76.0361
20456,41.3111,-72.9301
20560,42.7399,-73.7316
21026,42.5416,-76.6603
21087,41.8005,-72.7129
21176,41.055,-73.5391
21307,40.7431,-74.0057
21544,43.6382,-79.4214
21563,41.0897,-73.3928
21599,40.7394,-73.9902
21990,42.2939,-73.235
22000,40.7654,-73.9872
22006,40.7458,-73.9882
22070,40.8269,-73.9281
22131,40.7231,-73.9856
22254,41.2927,-72.8201
22272,40.7229,-73.9891
22308,42.3709,-72.5168
22400,43.6464,-79.4023
22407,43.8406,-79.4271
22440,41.8646,-72.452
22446,40.6201,-75.3823
22728,40.6912,-74.1795
22736,43.5193,-79.6918
22737,43.6618,-79.3361
22743,40.7054,-74.0114
22756,40.7385,-73.9931
22758,40.8181,-73.9768
22975,40.7582,-73.8456
22988,40.6515,-74.3485
23017,40.7467,-73.992
23024,44.239,-76.5347
23045,40.6808,-73.9945
23046,41.7835,-72.7587
23109,40.6061,-74.4708
23275,40.7192,-73.9617
23331,40.7395,-74.0023
23428,43.8425,-79.5447
23510,40.7611,-73.9851
23618,40.9623,-74.1309
23647,40.7473,-74.0008
23665,40.725,-73.9991
23681,40.7219,-73.9947
23818,43.6418,-79.3892
23825,43.6455,-79.396
23827,44.0553,-75.7834
23923,43.1389,-77.5952
23951,40.7405,-73.9832
24077,40.7565,-73.9735
24101,40.7448,-73.9979
24273,41.0184,-76.8347
24287,40.9374,-73.8995
24299,40.7228,-73.5906
24304,40.8418,-76.6305
24342,40.7504,-74.0321
24344,40.729,-73.9887
24345,40.743,-73.984
24436,43.6562,-79.3927
24465,41.3312,-75.7826
24497,41.2481,-73.0253
24639,40.7029,-73.9281
24645,40.7918,-73.974
24667,40.7608,-73.9759
24673,40.7196,-73.9539
24684,40.7605,-73.9836
24787,40.6741,-74.0177
24813,43.0298,-77.4428
24844,40.8192,-73.9599
24861,40.6887,-74.3071
24871,41.476,-72.9079
24919,43.2093,-77.7069
24938,40.7727,-73.872
24939,40.7643,-73.9883
24943,40.7593,-73.9844
24946,41.3782,-73.4748
24949,40.7506,-73.9934
24951,40.7424,-73.9878
24952,40.7212,-73.9828
24953,41.1398,-73.4256
24954,40.7386,-73.9873
24957,40.7167,-73.9589
24958,40.7675,-73.9899
24959,40.7794,-73.955
24962,42.6538,-73.7742
24963,41.6029,-73.9421
24965,40.8668,-72.5504
24966,40.7811,-73.9738
24968,40.7607,-73.9563
24969,40.763,-73.9676
24970,40.754,-73.9884
24972,40.9198,-74.0851
24975,40.7305,-73.9911
24976,40.7787,-73.9556
24977,40.7227,-74.0015
24979,40.7285,-73.9871
24980,40.7652,-73.9755
24981,40.7202,-74.0054
25108,40.7365,-73.9909
25198,44.4793,-73.2123
25227,43.7823,-79.2575
25228,43.6818,-79.6108
25230,43.6491,-79.3716
25233,43.6508,-79.3754
25234,43.8172,-79.1857
25235,43.649,-79.3956
25237,43.6716,-79.388
25238,43.6536,-79.4513
25239,43.6593,-79.4392
25241,43.673,-79.5402
25242,43.6829,-79.2998
25245,43.1161,-79.0712
25246,43.6655,-79.4691
25250,43.8669,-79.0133
25251,43.7426,-79.2168
25253,43.6502,-79.3892
25254,43.6786,-79.3509
25255,43.7902,-79.1956
25257,43.6567,-79.403
25260,43.7725,-79.4138
25261,43.6419,-79.4304
25262,43.6354,-79.4022
25263,43.6585,-79.3514
25265,43.6475,-79.5104
25266,43.6417,-79.4318
25267,43.1555,-79.0892
25268,43.658,-79.3311
25269,43.7259,-79.4533
25270,43.6678,-79.3962
25343,42.4394,-76.4976
25701,40.6844,-73.992
25808,40.7229,-74.0074
25919,40.7609,-73.9869
25921,40.7364,-73.9903
26011,40.9729,-74.0814
26035,43.9458,-78.8973
26130,40.7694,-73.9884
26144,41.032,-73.7721
26152,42.1933,-72.5968
26197,40.7322,-73.9764
26236,40.7401,-73.9898
26245,42.3175,-72.6269
26347,40.5652,-74.5947
26355,43.6489,-79.3919
26358,40.7596,-73.9909
26376,40.809,-77.9043
26380,40.7058,-73.5029
26435,40.6439,-73.7828
26453,43.6441,-79.4025
26457,40.7249,-73.9972
26571,44.4838,-73.1926
26636,43.6505,-79.3854
26674,40.727,-73.9918
26684,43.2234,-77.4168
26687,41.3087,-72.9326
26704,42.2584,-72.5752
26706,40.8067,-77.8497
26711,42.9033,-73.6876
26731,40.7583,-73.9873
26737,40.7061,-74.0055
26802,40.7105,-74.0042
26865,40.9943,-73.8198
26866,41.2599,-73.6841
26895,41.3402,-75.9767
26981,43.7882,-79.5553
27136,40.7587,-73.9786
27158,43.6507,-79.3911
27177,41.554,-75.2306
27206,40.6439,-73.7828
27245,43.6644,-79.3196
27250,40.6834,-74.0
27392,41.4382,-75.6565
27395,43.137,-79.2263
27543,40.7382,-73.9888
27562,40.7228,-74.0079
27616,40.7215,-74.0033
27671,40.7148,-74.015
27679,43.8503,-79.3634
27749,44.2578,-72.5767
27766,41.0782,-74.1654
27790,42.6872,-73.8244
27831,43.6358,-79.444
27889,40.6808,-73.9945
27921,40.9559,-72.9153
28057,43.6435,-79.3791
28076,43.6649,-79.4114
28087,41.1418,-73.2576
28100,43.6861,-79.6196
28131,40.7981,-77.8565
28140,40.7285,-73.9906
28146,40.7383,-73.9856
28184,40.7506,-73.9934
28303,41.3139,-75.7552
28335,43.6861,-79.6196
28355,40.7371,-73.9904
28423,40.7326,-73.9911
28443,40.756,-73.9775
28483,43.2162,-78.6778
28490,43.0801,-73.786
28496,40.7342,-73.9887
28498,40.728,-73.9916
28523,40.7504,-73.9929
28551,43.6612,-79.3825
28602,40.9091,-73.7994
28626,43.7861,-79.5423
28635,40.7883,-74.195
28672,42.9557,-78.7267
28749,40.7341,-73.9843
28775,40.8399,-74.2079
28784,40.713,-73.962
28885,43.709,-79.3991
28892,40.7759,-73.8747
28917,40.724,-74.3067
28947,43.6447,-79.3918
28956,43.4465,-79.6678
28981,40.7538,-73.9938
28984,40.7579,-74.0023
28994,41.4152,-75.6464
29094,40.9086,-74.5481
29134,41.097,-74.0138
29149,40.7655,-74.0708
29152,43.9057,-78.9571
29214,40.7227,-73.9887
29344,40.6216,-73.9408
29346,40.7424,-74.0075
29385,41.1365,-74.5718
29390,40.5611,-74.3011
29400,40.6658,-73.979
29409,43.6504,-79.4364
29437,40.7494,-73.988
29441,44.492,-73.1749
29505,43.6258,-79.6805
29544,40.7579,-74.0026
29590,40.8136,-74.0744
29605,44.4298,-72.6504
29616,43.0362,-76.1364
29623,40.7728,-73.983
29632,43.7747,-79.3257
29634,43.6015,-79.5104
29709,40.7559,-73.9283
29711,40.7455,-73.9829
29720,40.7745,-73.9482
29722,43.6701,-79.385
29753,40.5492,-74.3354
29759,40.7484,-73.9847
29804,40.7277,-74.0002
29826,40.7316,-73.9856
29867,41.8308,-72.7722
29878,40.8081,-73.1059
29886,40.7204,-73.9432
29897,40.785,-73.9771
29935,40.5746,-73.9844
29980,40.974,-74.289
29981,40.8386,-73.3325
30008,41.1481,-73.4918
30023,43.6564,-79.4075
30028,40.777,-73.9543
30040,42.1324,-72.7951
30053,40.7746,-73.872
30070,40.6315,-74.4223
30083,40.7383,-73.9873
30103,40.7274,-73.9884
30107,40.7218,-73.9576
30112,40.7559,-73.986
30113,40.777,-73.9534
30114,40.7414,-73.9881
30143,40.7299,-74.0048
30149,41.5917,-73.9078
30176,40.7642,-73.9884
30179,43.643,-79.4246
30183,40.7389,-74.0397
30195,40.6639,-73.9909
30221,40.4992,-78.0203
30227,43.0406,-76.1356
30239,43.8304,-79.0848
30267,40.6912,-73.9918
30316,41.056,-73.5387
30345,44.2607,-76.9641
30378,43.7314,-79.3026
30381,43.7677,-79.3679
30389,40.7674,-73.9814
30399,40.7141,-74.0143
30431,41.4286,-73.5769
30471,43.8961,-78.9231
30505,44.2422,-76.5162
30514,40.7437,-73.9844
30521,40.6732,-73.9835
30571,40.7218,-73.9963
30603,40.75,-73.9877
30624,43.6604,-79.3787
30627,40.6871,-74.3036
30649,43.6463,-79.4484
30658,40.7558,-73.973
30659,40.8185,-74.2232
30674,40.5534,-74.1753
30710,40.7208,-74.0006
30800,40.7878,-74.389
30814,40.8248,-73.8714
30852,43.7793,-79.4157
30861,40.7185,-73.9436
30864,40.7484,-73.9857
30878,40.7751,-73.9531
30882,40.7692,-73.9768
30897,40.937,-73.1093
30939,40.8269,-73.9281
30962,40.7598,-73.8324
30997,40.778,-74.0438
31000,41.0681,-73.7898
31015,40.8094,-73.9602
31063,40.7622,-73.982
31097,40.7255,-74.0045
31104,40.7848,-73.9561
31117,40.7816,-73.9807
31186,41.7105,-73.9444
31243,40.6611,-74.1717
31266,44.4007,-79.6678
31282,40.7559,-73.994
31287,40.7182,-73.9501
31291,40.7336,-73.9905
31292,40.7258,-73.9906
31296,40.7228,-73.9554
31396,42.8149,-73.9336
31490,40.7197,-73.9539
31503,40.9649,-76.8855
31527,40.7439,-73.9964
31736,43.0836,-77.6258
31807,40.6723,-73.9736
31808,40.7309,-73.9829
31817,40.7196,-73.9539
31827,40.8782,-73.1152
31990,40.7346,-74.003
32038,40.7282,-73.9993
32044,40.9453,-73.9164
32127,40.725,-73.9518
32170,40.732,-73.9962
32218,40.684,-73.9772
32408,40.7464,-73.8993
32429,40.7393,-74.0037
32435,43.8716,-78.9184
32485,40.6439,-73.7828
32588,40.7232,-73.9831
32628,40.7402,-73.9958
32640,40.5825,-74.1659
32649,43.8893,-79.4421
32700,40.7575,-73.984
32764,43.6861,-79.6196
32809,40.6439,-73.7828
32869,40.9074,-74.5574
32872,40.5442,-74.5985
32876,40.7482,-73.7203
32919,40.733,-74.0071
32980,40.8015,-77.8618
33004,40.7525,-73.9946
33019,41.1251,-73.3962
33048,42.6894,-73.8499
33081,40.6854,-73.9945
33269,40.7639,-73.9794
33294,40.8162,-73.9798
33306,40.6912,-74.1795
33339,40.6407,-74.0184
33424,40.7511,-74.006
33450,40.7597,-74.1516
33582,40.7115,-74.2813
33704,41.0982,-74.1514
33705,41.1572,-74.1924
33723,43.5522,-79.5846
33746,40.7857,-73.9507
33793,40.7205,-74.2891
33829,40.7497,-73.847
34153,40.5567,-74.3512
34190,41.5293,-73.9694
34209,40.7873,-73.9776
34216,40.7199,-74.0089
34219,41.3626,-72.5521
34227,40.7609,-73.9852
34249,40.6225,-75.3919
34257,40.7443,-73.9853
34270,40.7417,-74.0315
34338,40.7746,-73.872
34340,41.3536,-71.9716
34425,40.7394,-74.007
34493,40.7746,-73.872
34518,40.7044,-73.9876
34522,40.7422,-73.988
34597,40.7191,-74.0087
34602,40.7215,-73.9574
34603,40.751,-73.9869
34610,40.7458,-73.9882
34631,40.768,-73.9848
34648,41.7905,-72.8634
34674,40.7358,-73.9904
34679,43.6487,-79.3916
34833,40.7443,-73.9904
34846,41.7213,-72.7611
34848,42.376,-72.5209
34854,40.7237,-74.0088
34857,40.6846,-73.9777
34859,40.9304,-74.0787
34864,40.7135,-74.0244
34866,40.7579,-74.0023
34869,40.7474,-73.9887
34873,40.7229,-74.0074
34874,40.695,-73.9922
34875,40.8269,-73.9281
34891,40.6255,-75.4527
34925,43.4155,-79.7235
34992,40.7417,-73.9977
34994,40.7363,-74.0058
35022,41.1031,-74.1629
35023,43.7444,-79.4055
35044,40.7733,-73.9532
35047,40.7926,-73.973
35050,40.7095,-74.0064
35052,40.8139,-74.3896
35078,43.6491,-79.3716
35118,43.1488,-76.1262
35126,40.7944,-73.972
35138,40.6951,-73.9874
35191,40.7433,-74.0073
35212,40.6912,-74.1795
35219,43.6705,-79.3849
35225,40.7805,-73.9668
35255,43.643,-79.4246
35345,43.1029,-75.244
35357,40.6439,-73.7828
35367,40.7395,-73.9945
35407,44.469,-73.1757
35506,40.6439,-73.7828
35545,43.7075,-79.3987
35551,43.1499,-76.1847
35595,40.7228,-73.5906
35608,40.7862,-73.9516
35659,40.765,-73.9746
35674,43.6978,-79.397
35741,40.7334,-74.0025
35777,40.7962,-73.9235
35876,40.7407,-74.0045
35975,40.7141,-74.0106
36009,42.5896,-73.7004
36017,40.7409,-74.008
36049,40.7292,-73.9868
36055,40.7269,-73.9889
36273,40.7113,-74.0158
36275,40.7741,-73.9597
36279,41.9332,-74.0196
36312,40.7727,-73.9841
36313,40.748,-74.0039
36315,40.7136,-73.9592
36331,43.6592,-79.4382
36344,40.727,-73.9889
36349,40.7895,-73.0978
36350,40.6647,-73.9868
36354,40.7607,-73.9902
36355,40.7521,-73.9859
36356,41.0321,-73.768
36365,40.9437,-72.9716
36373,40.7447,-73.9932
36408,43.5684,-79.6654
36466,43.6403,-79.4191
36472,43.7771,-79.3447
36497,43.3955,-79.7108
36540,40.7223,-73.9874
36561,40.7345,-74.0023
36568,40.7456,-73.9932
36579,40.7253,-73.9838
36580,40.7805,-73.9668
36603,40.7374,-74.0051
36609,41.1615,-73.3363
36610,40.7566,-73.9941
36627,40.7298,-73.9985
36651,40.7251,-73.9981
36667,41.7664,-72.7073
36674,40.7632,-73.9836
36722,40.7243,-73.9877
36761,43.649,-79.3956
36784,41.3053,-72.9284
36792,40.7173,-74.0428
36846,43.7779,-79.3446
36951,40.7168,-74.0091
36955,40.7237,-73.997
36957,40.6401,-73.7864
36971,40.7024,-73.9872
36975,43.6708,-79.2973
37082,40.7511,-74.006
37087,43.6461,-79.393
37097,43.6615,-79.335
37165,40.7276,-73.8546
37169,40.7242,-73.9928
37171,40.7586,-73.9818
37173,40.9829,-72.5895
37184,43.6622,-79.4008
37185,40.7692,-73.9816
37243,41.0913,-73.919
37264,40.7984,-77.8655
37267,40.7175,-74.0106
37275,40.7449,-73.9838
37294,41.4917,-72.809
37299,43.0994,-73.7434
37314,41.7565,-72.6221
37316,43.8495,-79.533
37357,41.2797,-72.5984
37368,40.7161,-73.9597
37378,41.7688,-72.6731
37387,40.8858,-73.2578
37390,40.7187,-74.0435
37392,40.8056,-73.275
37395,40.7559,-73.994
37402,40.7374,-74.0082
37423,40.7242,-73.9928
37444,40.8709,-74.0396
37490,40.7287,-73.9876
37571,40.6441,-74.2731
37705,41.3774,-71.9581
37711,40.7695,-73.952
37818,43.097,-76.1703
37946,40.6536,-74.6222
37985,43.1583,-79.2514
38085,43.6709,-79.3864
38292,43.9324,-78.8788
38520,41.2038,-73.271
38525,41.3938,-73.4505
38542,40.6709,-73.9849
38574,40.7569,-73.9862
38995,41.224,-73.7215
39003,41.373,-71.9533
39071,41.7579,-72.7209
39112,40.7431,-73.9741
39118,40.7413,-73.9483
39128,40.7265,-73.9828
39167,40.9882,-75.225
39286,43.774,-79.6537
39336,40.7056,-74.0102
39351,40.7269,-73.9886
39386,43.1417,-77.4452
39387,40.719,-74.002
39388,40.7389,-74.0304
39391,40.6522,-73.9769
39392,40.7506,-73.9934
39394,40.7458,-73.9883
39396,40.9272,-73.9628
39397,40.7224,-73.9831
39398,40.7538,-73.8112
39399,40.7319,-73.9852
39401,40.7273,-73.9936
39403,40.7563,-73.9898
39405,40.7058,-73.9967
39407,40.7285,-73.9906
39410,40.9558,-72.7508
39464,41.2766,-73.1368
39465,41.8069,-73.1121
39466,41.2766,-73.1368
39467,41.4556,-71.9663
39468,41.818,-73.0898
39520,40.8327,-77.8423
39525,40.808,-74.2086
39529,40.7307,-74.2781
39532,40.6439,-73.7828
39671,40.8096,-73.9502
39674,43.5774,-79.6469
39732,42.1836,-76.8122
39766,43.6543,-79.3797
39948,40.7283,-73.9889
39961,40.8538,-73.8778
39967,40.7641,-73.9587
39968,40.7027,-73.9967
39980,40.7615,-73.9933
40318,40.6439,-73.7828
40379,43.1368,-79.2156
40446,43.0441,-79.0364
40882,41.3266,-74.8091
40887,41.609,-72.901
41107,43.632,-79.3959
41154,43.6499,-79.4811
41232,40.7301,-74.0031
41235,40.7565,-73.9862
41354,40.7613,-73.9775
41438,40.7538,-73.9836
41456,40.5007,-74.4123
41510,40.8738,-73.9085
41558,40.6927,-73.9906
41596,44.2894,-73.9852
42160,43.0581,-79.058
42162,43.1903,-79.5115
42581,40.7746,-73.872
42588,40.7414,-73.9881
42627,43.6515,-79.3676
42838,40.7109,-73.9523
42934,40.7665,-74.0466
43294,40.5046,-74.6451
43393,40.7062,-74.0107
43394,40.7803,-73.9881
43395,40.7242,-74.0072
43397,40.723,-73.9975
43399,40.6439,-73.7828
43622,43.6686,-79.3828
43623,43.656,-79.3801
43626,43.6786,-79.4621
43627,43.6438,-79.3961
43702,40.7322,-73.9858
43724,43.0806,-73.7876
43725,42.9708,-74.1846
43728,42.7268,-73.7908
43828,40.7425,-73.9837
43833,41.0326,-73.5689
43836,43.9431,-78.8475
43839,43.5927,-79.5661
43840,43.6871,-79.3691
43841,43.7271,-79.4517
43844,43.67,-79.3918
43845,43.6692,-79.353
43848,43.7277,-79.3317
44189,40.7317,-74.0033
44202,41.483,-72.8106
44207,42.9317,-72.2783
44355,40.6439,-73.7828
44521,40.6459,-73.7779
44524,40.7425,-73.9853
44615,40.7618,-74.0011
44914,40.7427,-74.0038
45008,40.729,-73.9887
45051,40.5127,-74.5156
45131,43.7149,-79.3577
45165,40.7607,-73.9994
45469,40.7625,-73.9797
46077,40.9086,-74.4782
46147,40.7942,-73.6399
46186,41.6279,-72.7497
46225,43.6412,-79.4286
46248,40.7367,-73.9892
46250,40.733,-73.9861
46713,40.7616,-74.075
47091,43.8443,-79.38
47220,44.2372,-76.5677
47279,40.5171,-75.3857
47612,40.741,-74.0077
47674,40.7352,-74.0099
47719,41.0002,-73.6628
47739,40.7402,-73.9958
47869,40.8129,-74.2136
47876,40.7424,-74.1773
47881,40.7515,-74.1795
47906,40.6766,-74.2859
47942,43.6448,-79.4001
47988,40.7358,-73.9904
48290,40.7172,-73.9985
48338,40.7613,-73.8452
48488,40.8156,-73.9398
48492,40.7244,-73.9995
48493,40.7212,-73.9929
48494,40.7808,-73.9765
48495,40.7697,-73.9544
48497,40.8255,-74.1091
48548,40.7439,-74.0287
48549,40.731,-74.0018
48550,40.7502,-73.9948
48555,40.7142,-74.0079
48788,40.7306,-74.006
49017,43.6779,-79.3506
49309,42.7171,-73.7936
49331,40.7929,-77.8598
49378,40.7381,-73.6121
49379,40.7388,-73.6134
49381,40.7381,-73.6121
49382,40.7381,-73.6121
49383,40.7455,-73.5948
49384,40.7228,-73.5906
49385,40.7514,-73.6042
49386,40.7401,-73.6165
49387,40.7524,-73.5845
49388,40.6573,-73.6417
49389,40.8166,-73.5948
49390,40.6664,-73.4751
49391,40.7544,-73.6015
49392,40.7089,-73.4823
49393,40.7381,-73.6121
49394,40.7639,-73.9729
49395,40.7682,-73.9644
49396,40.7588,-73.7275
49397,40.7512,-73.6041
49398,40.7381,-73.6121
49399,40.7287,-73.7025
49592,40.7625,-73.9797
49716,43.6314,-79.3977
49717,43.9273,-79.4504
49718,44.0696,-79.4312
49720,43.6751,-79.4068
49721,43.6448,-79.4157
49722,43.7105,-79.3622
49723,43.6405,-79.3828
49724,43.6847,-79.4171
49726,43.6467,-79.4074
49727,43.65,-79.3882
49728,43.5709,-79.605
49732,43.6507,-79.3974
49734,43.6638,-79.3678
49735,43.7798,-79.1313
49892,41.9386,-73.908
49931,43.1015,-78.9785
49964,40.6583,-74.2665
49988,40.7186,-74.0026
50237,42.587,-72.6026
50292,40.8125,-73.9839
50321,40.717,-74.3244
50403,40.5921,-75.5416
51343,40.7263,-73.9818
51350,40.7395,-73.9826
51472,43.6871,-79.5874
51494,40.7268,-73.9786
51521,42.797,-78.7515
51536,40.7046,-74.0143
51537,42.8149,-73.9336
51546,40.7262,-74.0055
51586,42.0905,-72.6184
51606,43.6468,-79.3949
51610,43.6655,-79.3876
51637,41.0764,-73.8583
51645,41.8739,-72.8017
51647,40.7973,-74.4768
51663,40.7305,-73.9907
52070,40.7261,-74.0045
52268,40.7027,-73.9967
52272,40.749,-73.97
52286,40.7251,-74.535
52287,40.6439,-73.7828
52298,40.7287,-73.9536
52527,40.6873,-73.9901
52558,40.6721,-74.0109
52559,40.6721,-74.0109
52639,40.7267,-73.5989
52647,40.7324,-74.0359
52658,40.6922,-73.9863
52663,40.7058,-73.9967
52685,43.648,-79.6853
52686,44.0791,-79.4347
52687,43.8269,-79.5356
52688,44.3503,-79.734
52692,43.7041,-79.7398
52695,43.6639,-79.3801
52816,43.035,-76.6238
52840,44.0551,-79.4802
52850,43.8229,-79.3505
52869,40.8269,-73.9281
52872,40.7208,-73.9989
52881,41.0419,-73.6875
52935,40.7393,-74.0278
52939,40.7319,-73.9889
52942,40.7746,-73.872
52943,40.7778,-73.9826
52946,40.7318,-74.0034
52949,40.8069,-73.964
53007,40.7274,-73.9922
53019,40.8023,-73.9568
53113,43.1201,-79.2482
53210,40.9511,-74.1074
53222,40.8008,-73.7934
53227,40.7858,-73.6494
53253,42.4506,-73.2543
53262,42.0925,-75.9031
53277,41.8237,-72.8827
53340,41.6685,-72.805
53368,42.8477,-78.801
53472,40.7979,-74.1436
53494,42.8593,-73.7648
53652,40.6696,-75.3754
53733,40.7773,-73.9822
53759,40.7311,-73.9919
54078,43.6398,-79.4227
54088,40.7711,-74.0223
54237,43.436,-79.7353
54281,43.2041,-77.6711
54513,40.9431,-74.0715
54855,43.8285,-79.541
55316,40.7501,-73.9915
55383,40.9779,-73.8634
55385,40.6912,-74.1795
55386,40.7983,-74.254
55408,43.6374,-72.4084
55409,42.6893,-73.8498
55411,40.7212,-73.9878
55548,40.7809,-73.9816
55572,40.7351,-73.9976
55573,40.7531,-73.9899
55614,40.7426,-74.0005
55616,40.7622,-74.0017
55826,40.7332,-74.0028
56019,43.0873,-77.6097
56024,41.1006,-73.4192
56025,41.2047,-73.7274
56088,40.5756,-73.9812
56097,40.759,-73.9783
56168,40.6439,-73.7828
56169,40.8325,-74.4473
56204,43.7085,-79.3985
56229,40.7329,-73.9883
56231,40.7694,-73.9277
56368,40.6439,-73.7828
56480,40.7252,-74.0024
56481,41.0879,-73.9192
56962,42.8729,-73.7894
57103,40.7825,-73.9809
57126,40.4991,-74.6548
57142,40.6732,-73.9835
57143,44.3479,-75.9838
57145,40.8153,-74.0741
57208,40.8286,-74.1404
57455,40.7422,-74.1735
57472,42.8622,-73.7836
57687,40.673,-73.983
57737,42.9863,-78.8187
58007,40.7371,-73.9904
58048,40.8067,-77.8497
58088,40.7504,-73.9929
58096,40.7365,-73.9909
58494,43.7089,-79.4283
58632,40.7452,-74.008
58641,40.7009,-73.985
58699,40.7206,-73.9843
58998,42.8604,-73.7824
58999,43.1556,-77.6141
59030,40.7636,-73.9729
59177,40.8261,-73.9565
59178,40.6578,-73.9973
59179,40.7494,-73.9947
59263,40.7381,-73.9778
59270,40.6394,-73.9681
59278,43.6438,-79.3675
59298,40.8316,-77.8024
59310,43.1051,-77.7443
59332,40.7013,-73.922
59551,44.4592,-73.2078
59677,43.6517,-79.3925
59849,40.7797,-77.8794
59958,40.8731,-74.1132
60002,40.7579,-74.0023
60053,41.1035,-73.4161
60149,40.7746,-73.872
60153,40.8382,-73.8598
60155,40.7941,-74.4783
60520,40.7115,-74.3144
60527,40.7559,-73.9678
60868,40.7486,-74.0051
60871,40.7832,-73.9508
60872,40.7149,-73.9983
60956,40.7746,-73.872
61008,41.4916,-72.0905
61109,40.7502,-73.9882
61186,40.7322,-73.9764
61204,43.6399,-79.4206
61455,40.7648,-73.7717
61648,44.1664,-77.3851
61672,43.6412,-79.429
62412,40.6864,-75.235
62516,43.8077,-79.1757
62652,41.9271,-73.9072
62654,40.7283,-73.9818
62658,40.7185,-74.3562
62740,41.1944,-73.1315
62741,41.2668,-73.0015
63355,40.7517,-73.9766
63384,41.4082,-75.6677
63563,42.1328,-72.6134
63601,40.656,-73.6753
63604,40.7531,-73.999
63983,42.3136,-72.6379
64105,43.6505,-79.3586
64119,40.7302,-73.9986
64189,40.7385,-73.9998
64190,40.7561,-73.9903
64483,40.7683,-73.9365
64574,40.7414,-74.0052
64959,43.6567,-79.5888
64960,43.6649,-79.4721
65230,40.7811,-73.9738
65260,43.1207,-77.6197
65338,40.5368,-74.2026
65584,44.4903,-73.2127
65602,41.7793,-72.6675
65609,40.7437,-73.996
65681,43.6644,-79.4121
65744,40.7572,-73.9857
65808,43.1501,-77.6004
65946,40.6799,-73.9971
65989,42.0417,-76.7612
66147,40.7418,-73.9884
66158,42.0444,-71.9299
66159,40.7957,-73.9326
66162,40.9153,-73.1239
66163,40.6629,-73.9917
66268,40.6725,-73.9696
66278,40.7569,-73.9862
66468,43.6478,-79.3776
66991,44.2621,-76.5039
67130,40.7016,-74.0115
67320,40.7369,-74.0271
67324,40.7629,-73.9927
67329,40.7052,-73.6505
67466,40.7625,-73.5291
67515,40.7467,-73.9932
67523,40.7457,-73.9786
67524,40.7447,-73.993
67586,40.7487,-74.0302
67624,40.7422,-73.988
67639,40.7617,-73.9793
67707,40.7625,-73.9797
68077,40.8165,-74.2211
68125,40.7435,-73.9922
68284,40.6472,-73.789
68502,40.7861,-73.9796
68504,43.6505,-79.3969
68511,43.8689,-79.3573
68575,43.6535,-79.3926
68585,40.7215,-73.9926
68693,42.1232,-75.9968
68696,40.6713,-73.9639
68835,40.6863,-73.9767
69002,40.7465,-73.9925
69077,40.7589,-74.9744
69324,40.7293,-74.0055
69325,40.7261,-73.9938
69327,40.7362,-74.0005
69330,43.0868,-77.6264
69333,42.3925,-72.5279
69338,42.6023,-78.0325
69478,44.2284,-78.2857
69479,44.2314,-76.4808
69480,41.5513,-72.8062
69637,40.7302,-74.0072
69699,43.6657,-79.409
69763,40.7518,-73.9809
69774,42.3168,-72.6257
69829,43.0883,-77.6179
69937,42.9968,-73.7901
69989,44.5281,-73.2017
70002,40.7373,-73.9905
70003,40.7582,-73.9744
70005,40.7177,-73.9573
70007,40.7742,-73.8728
70114,40.7369,-73.9907
70128,40.6735,-75.3429
70333,43.6426,-79.4269
70615,40.7148,-74.0117
70656,40.6993,-75.2061
70803,40.7374,-74.0082
70806,43.0903,-77.6856
70824,43.0927,-77.6588
70832,43.0872,-77.6265
70836,43.1534,-77.6082
70860,43.8406,-79.4271
70907,43.6378,-79.4187
70908,41.9836,-73.4226
71125,42.6545,-73.7482
71127,40.7341,-74.0073
71135,41.2006,-73.2409
71156,40.9588,-74.1543
71163,40.734,-73.8697
71180,40.7814,-73.9663
71187,40.7157,-73.9914
71199,40.745,-73.9997
71211,40.7592,-73.9794
71233,41.2366,-73.0386
71239,40.7228,-73.5906
71244,40.779,-73.9549
71245,43.6701,-79.598
71313,40.748,-74.1727
71330,42.3187,-72.631
71356,40.7409,-73.9953
71399,40.7575,-73.9832
71403,42.7203,-73.7218
71440,43.8424,-79.5423
71469,41.0098,-73.688
71485,40.719,-74.002
71522,40.6439,-73.7828
71523,40.7275,-74.0004
71526,40.6439,-73.7828
71527,40.4991,-74.6548
71552,40.7442,-73.9956
71858,44.4772,-73.2113
71859,43.3997,-72.5146
71903,41.1024,-73.9976
71904,40.7605,-73.922
71917,43.6735,-79.2837
71934,40.6797,-73.978
71942,40.6762,-73.984
72072,43.6542,-79.379
72092,40.7287,-74.0002
72094,40.7582,-73.8456
72389,40.7753,-73.9818
72408,43.6508,-79.373
72572,40.7261,-73.9987
72575,40.7583,-73.9931
72606,40.8709,-73.4262
72719,40.8269,-73.9281
72723,40.7715,-73.9561
72752,41.8676,-72.4553
72753,42.0378,-72.6156
72765,40.7075,-74.0123
72921,40.6863,-73.9938
72962,40.6824,-73.9935
72979,41.0334,-73.5679
73068,40.724,-73.9918
73094,40.7402,-73.9939
73111,43.6457,-79.3938
73126,43.6399,-79.4206
73131,43.709,-79.3909
73258,40.7524,-74.0098
73262,40.7247,-73.9904
73272,40.7189,-73.987
73274,40.7425,-73.9899
73324,40.9325,-73.758
73498,40.7197,-74.0055
73537,40.7393,-73.992
73555,42.3186,-72.6307
73637,40.6673,-73.9851
73639,40.7782,-73.9484
73674,40.6864,-73.9743
73890,42.5009,-76.8706
74025,43.6489,-79.4206
74036,40.7529,-73.9967
74049,40.6737,-73.9917
74052,40.6632,-73.9762
74053,42.698,-73.686
74062,40.7224,-73.9887
74075,40.7192,-73.9861
74080,40.7255,-74.0035
74085,40.7402,-74.0053
74101,40.7122,-74.0153
74106,40.7284,-73.9813
74107,41.5654,-72.6499
74110,42.117,-72.5177
74145,42.2709,-73.7598
74148,42.1527,-73.6029
74149,42.2482,-73.7734
74150,42.7451,-73.8095
74171,40.8643,-73.9039
74207,43.7141,-79.3998
74216,40.684,-73.9773
74226,40.7524,-73.9945
74228,40.6755,-73.978
74247,41.0988,-73.4182
74290,40.7597,-73.9916
74312,44.0577,-79.4584
74313,43.7635,-79.3177
74318,43.7425,-79.3111
74330,43.0337,-76.115
74368,44.4592,-73.2078
74379,40.7261,-73.9835
74408,43.1457,-77.6064
74443,42.4442,-73.2535
74996,40.7438,-73.9243
75285,40.7317,-73.4939
75545,40.7408,-74.0077
75609,40.7135,-73.9619
75869,40.7114,-73.9482
75955,42.2544,-73.767
76005,43.6515,-79.3676
76031,40.7272,-73.9864
76232,40.7196,-73.9539
76247,40.7639,-73.9729
76287,40.755,-73.981
76316,40.7299,-73.9576
76341,40.8639,-73.877
76360,40.7458,-73.9883
76703,40.7651,-73.5201
76718,41.1397,-73.3651
76976,40.7187,-73.9568
76983,40.7511,-74.0054
77000,43.1481,-77.5456
77002,43.1267,-77.518
77003,43.2047,-77.5582
77010,42.1324,-76.8116
77011,42.1016,-75.9623
77074,42.6616,-77.0576
77075,43.1427,-77.6018
77164,43.1607,-77.6043
77165,43.0962,-77.442
77185,43.6658,-79.4086
77190,40.6439,-73.7828
77353,42.8045,-78.7313
77356,43.0898,-77.6556
77373,43.1534,-77.6082
77441,41.9991,-72.5721
77515,42.8478,-73.9428
77519,44.4948,-73.1694
77521,40.7643,-74.021
77522,40.7199,-74.0085
77530,40.6912,-74.1795
77673,41.2393,-75.8407
77973,41.2973,-72.9271
78094,40.7025,-73.9939
78099,40.7022,-73.991
78175,40.7322,-73.9858
78269,40.722,-73.9875
78322,42.7311,-73.6893
78480,40.703,-73.9867
78482,40.6336,-74.0273
78503,43.6803,-79.3117
78505,40.7025,-73.9889
78539,40.7204,-73.9934
78720,40.7147,-73.9435
78721,40.7244,-73.9997
78722,40.6678,-73.9823
78782,40.7232,-73.988
78889,40.7504,-73.9834
78918,43.1501,-77.6004
78922,40.7269,-73.9844
78985,40.703,-73.9977
79004,40.733,-74.003
79128,40.8352,-73.9215
79131,40.7357,-73.9911
79134,40.7367,-73.9893
79137,40.8307,-73.9486
79142,40.7228,-73.9554
79144,40.9963,-73.6646
79146,40.7054,-74.0114
79197,40.7561,-73.9903
79246,43.6515,-79.3736
79278,44.4456,-73.1139
80202,42.2728,-72.6632
80204,43.1475,-77.7107
80308,42.1042,-72.5924
80528,44.0561,-79.4848
80584,40.5906,-74.6199
80838,40.7644,-73.518
80878,40.7296,-73.9973
81136,40.5001,-74.6468
81193,40.7464,-73.8993
81209,40.9108,-73.778
81272,43.1564,-77.568
81274,40.7231,-73.9588
81372,40.7197,-74.0059
81405,40.7561,-73.9871
81406,40.7578,-73.9864
81446,42.8126,-73.9428
81486,40.7568,-73.9851
81528,40.7398,-74.0064
81587,43.0033,-78.7786
82130,41.8066,-72.5473
82425,42.4465,-73.2543
82457,40.7034,-73.9901
82464,40.6006,-75.4743
82492,42.2728,-72.6632
82765,41.4511,-72.8462
82852,40.7246,-73.9934
82885,40.6877,-73.987
82887,40.7321,-74.0037
82922,43.8094,-79.4542
82923,43.8573,-79.3587
83013,40.7345,-74.0023
83443,40.7346,-74.003
84069,43.6451,-79.397
84073,43.6333,-79.4167
84097,40.5596,-74.3106
84226,43.7769,-79.2618
84363,40.7276,-73.9848
84416,40.7195,-73.9559
84754,40.7472,-73.9862
84897,41.1062,-75.9238
84955,44.4663,-73.2149
84956,44.4763,-73.212
84957,43.0905,-73.7691
84962,44.5082,-73.0845
84963,44.4901,-73.1113
84964,44.4491,-73.2096
84966,44.4787,-73.1956
84968,44.3839,-73.2289
85276,43.774,-79.5015
85277,43.5919,-79.6435
85279,43.6535,-79.3926
85338,40.7406,-74.007
85561,40.8162,-73.9804
85629,44.2305,-76.4809
85704,43.6538,-79.3901
85705,43.646,-79.4095
85706,43.6475,-79.3983
85749,43.6446,-79.3881
85945,43.6791,-79.4385
86125,40.7262,-73.9891
86201,40.7301,-73.9559
86203,40.7408,-73.9918
86397,40.7561,-73.9903
86401,43.9579,-78.1616
86531,43.617,-79.5697
86653,41.5805,-73.9088
88547,42.7165,-73.8085
88606,40.5835,-73.6594
89190,40.7753,-73.9818
90138,40.7528,-73.9773
90146,43.6852,-79.3154
90816,42.1066,-72.0981
90893,42.1457,-72.6289
91177,42.7152,-73.8149
91277,40.7097,-74.0065
91326,40.7545,-73.9738
91373,40.7578,-73.9861
91402,42.3757,-72.5205
91407,42.5379,-72.5374
91690,41.4734,-71.9593
91814,43.1923,-77.5091
92452,40.6514,-74.004
92528,40.7976,-77.8623
92532,41.7159,-73.9296
92575,40.7417,-73.9903
92623,43.0806,-73.7849
92731,41.4592,-75.6527
93111,40.7395,-74.0062
93409,41.0487,-75.3133
93432,40.7456,-74.0091
93937,43.6449,-79.3979
94793,42.8937,-78.5238
95110,40.7476,-74.0007
95280,43.6176,-79.5336
95292,40.7912,-73.974
95296,40.7829,-73.9528
95559,42.2385,-72.1347
95625,40.8328,-74.1808
95798,43.6545,-79.38
98687,40.7792,-73.9631
100795,43.1578,-79.2441
100798,43.089,-79.1078
100799,43.1264,-79.3597
100802,43.0933,-79.0743
100804,44.256,-76.5713
101138,41.3619,-73.0836
101139,41.3228,-73.0939
101625,41.4922,-72.0933
102129,40.828,-73.9258
103289,40.7257,-73.4953
104140,43.7631,-79.412
104141,43.6567,-79.4029
104142,43.7864,-79.4716
104143,43.6378,-79.4187
104445,40.7812,-73.918
104723,40.741,-73.9942
104725,40.6583,-73.6454
104726,40.7398,-74.0303
105009,40.892,-74.2532
105012,40.6615,-74.3119
105013,40.7436,-74.1763
105531,40.6367,-74.9095
106327,40.7746,-73.872
106328,41.2949,-75.9111
106330,40.6689,-73.99
106331,41.2435,-75.8792
107061,40.7511,-74.006
107062,40.7405,-74.006
107455,40.6611,-73.6293
107718,42.8117,-73.9401
108030,40.655,-74.2185
108031,40.6488,-74.3449
108050,42.0906,-72.6225
108056,42.1329,-72.6262
108058,42.3313,-72.634
108061,42.2607,-72.2417
108062,42.168,-72.6412
108072,42.2687,-72.6713
108073,40.7439,-74.1793
108729,40.7261,-73.9938
108730,40.6721,-73.9577
108731,40.7318,-74.0034
108732,40.723,-73.9891
109639,40.7165,-73.9615
109640,40.6411,-73.7897
109641,40.7143,-73.9633
109831,42.3811,-76.8737
109834,42.3442,-76.8428
109835,42.3794,-76.8729
109837,43.1349,-79.225
110584,43.1689,-78.6666
110593,40.8231,-75.7093
110803,42.1376,-72.6269
111143,41.2399,-76.8206
111144,41.2505,-77.0493
111145,41.2454,-76.8312
111146,41.2454,-76.8312
111147,40.871,-76.5378
111148,41.2454,-76.8312
111149,41.2454,-76.8312
111150,41.2454,-76.8312
111151,41.2454,-76.8312
111152,40.8519,-77.7944
111153,41.2454,-76.8312
111154,41.2454,-76.8312
111155,41.2367,-77.0229
111177,42.0594,-72.7666
111180,42.3206,-72.6283
112019,40.703,-73.9867
112060,41.8001,-72.711
112432,40.7233,-73.9899
112455,40.6514,-74.004
112458,40.7515,-73.9709
112882,40.6804,-73.9777
113501,40.5486,-74.2972
113502,41.1402,-73.3651
113580,43.6447,-79.4006
113837,43.8066,-79.3817
113906,43.6484,-79.38
114152,40.7282,-73.9913
114242,40.7344,-73.9931
114263,40.7522,-73.9915
114264,40.7523,-73.9913
114282,40.7221,-74.0035
114288,40.7211,-73.9622
114477,40.7625,-73.9797
114585,40.6643,-73.9834
114586,41.6555,-72.7439
114636,40.8269,-73.9281
114675,41.2463,-75.8819
114810,40.7199,-74.0015
114899,40.7307,-73.9861
114907,41.1595,-73.2247
115202,40.7572,-73.9908
115253,40.7739,-73.8845
115261,43.8385,-79.3294
116007,40.7642,-73.9824
116009,44.477,-73.214
116017,42.3914,-72.5272
116077,44.4603,-73.1234
116216,40.7128,-75.2275
116238,40.7166,-74.0486
116252,40.6163,-75.4942
116275,40.8269,-73.9281
116276,40.6563,-73.6716
116278,40.7106,-73.3617
116296,40.5483,-76.3814
116489,41.3082,-75.9344
116490,41.3296,-75.7417
116492,41.4281,-75.6234
116493,40.5974,-75.5258
116526,41.2297,-73.0299
116728,40.7178,-73.9524
116747,40.7596,-73.9857
116819,41.23,-73.1843
116841,40.7608,-73.9869
116842,40.9019,-74.0332
116845,40.7549,-73.1161
116890,40.689,-73.9734
116942,40.7313,-73.992
117021,40.7317,-74.0033
117023,40.7443,-73.9954
117025,40.7338,-74.0025
117029,40.6811,-73.9771
117038,40.7191,-74.0087
117049,40.7071,-74.012
117050,40.7543,-73.9728
117577,42.6907,-73.853
117671,40.7259,-73.9973
117694,43.8601,-79.3143
117695,43.6525,-79.3785
117698,43.7605,-79.4127
117701,43.6451,-79.3968
117702,43.6458,-79.4124
117704,43.7154,-79.4476
117709,43.519,-79.6859
117712,43.8125,-79.358
117716,43.6613,-79.3835
117719,43.6716,-79.388
117721,43.9458,-78.8973
117723,44.1876,-77.403
117726,43.0649,-79.1254
117727,43.6363,-79.4264
117743,40.7403,-74.0057
118016,40.7198,-74.0042
118022,40.7977,-77.8664
118025,40.7679,-73.9852
118390,40.729,-73.9964
118487,40.6623,-74.1754
118627,42.3908,-72.5294
118679,41.2404,-77.0057
118730,42.2691,-72.6724
118843,43.8567,-79.3591
118889,43.4232,-73.7131
118891,40.8165,-73.4108
118996,44.4727,-73.2051
118997,44.4793,-73.2121
119142,43.0684,-77.6133
119143,43.2234,-77.4168
119144,43.2185,-77.4263
119145,43.0516,-76.24
119171,41.3028,-72.9201
119225,43.6657,-79.4083
119289,41.3114,-73.8712
119367,40.7062,-73.9223
119487,43.5855,-79.7411
119656,42.7054,-73.8301
119757,43.6575,-79.4029
119910,41.4711,-75.6077
119913,43.1814,-79.2401
120021,40.7714,-73.983
120034,40.7413,-74.0055
120097,40.6812,-73.9947
120141,40.7517,-73.9771
120242,40.7228,-74.0014
120244,43.6663,-79.369
120317,40.7715,-73.9561
120365,40.9417,-72.9877
120511,40.8136,-74.0744
120527,41.464,-72.4183
120575,40.7984,-77.8563
120599,40.7615,-73.9952
120643,42.32,-72.6288
120897,40.7447,-73.993
120911,44.2632,-76.4979
120924,40.6569,-73.6075
120975,40.7335,-73.9935
121002,40.6195,-74.2487
121074,40.7264,-73.9897
121075,40.9566,-73.8811
121076,41.0475,-73.7417
121103,40.8654,-74.1487
121104,40.7914,-74.2335
121485,41.1196,-73.942
121488,41.2532,-73.9274
121698,43.6443,-79.4016
121699,43.6559,-79.3822
121818,43.7727,-79.3284
121856,40.7639,-73.9729
121966,40.7369,-73.9917
122057,40.7566,-73.9883
122206,41.7577,-72.7209
122398,42.1149,-72.7277
122400,42.1316,-72.7956
122413,40.77,-73.9604
122439,40.6127,-74.449
122468,40.6439,-73.7828
122530,41.7011,-73.9855
122556,43.6302,-79.5182
122558,43.6399,-79.4206
122586,40.7221,-74.0035
122588,40.6703,-73.9855
123020,40.7939,-73.9528
123078,40.7312,-74.0099
123144,41.7096,-73.9317
123145,41.744,-74.072
123154,40.7202,-73.9554
123211,40.5774,-73.9614
123212,40.7589,-73.9537
123234,40.8664,-73.1343
123376,40.961,-74.1083
123377,40.8079,-73.9631
123628,43.8084,-79.2601
123629,44.3469,-79.7033
123647,40.7408,-74.0017
123657,40.6988,-73.9925
123738,42.6441,-73.701
123740,42.8912,-73.9341
123765,42.0962,-72.5849
123803,41.1397,-73.3651
123823,40.6753,-73.9749
124084,40.725,-73.9991
124122,40.734,-73.993
124222,43.6716,-79.388
124432,41.3414,-72.1146
124435,40.7444,-73.9761
124703,40.8162,-73.9804
124956,40.7387,-74.0036
125158,43.6448,-79.3961
125455,42.0924,-76.8001
125800,40.7245,-74.0018
125812,40.6081,-75.3726
125814,40.6105,-75.3736
126159,40.7749,-73.9665
126292,40.7443,-73.9904
126828,41.4586,-72.0633
126835,44.4518,-73.1834
126842,40.7354,-74.0058
126844,40.8124,-73.259
126848,41.007,-72.4628
126872,40.6871,-73.9652
126905,41.5095,-74.0396
126906,41.6982,-73.9395
126907,41.5261,-74.1142
126909,41.445,-74.0167
126940,40.7631,-73.9829
126980,40.7381,-73.6121
126981,40.7381,-73.6129
127054,40.7238,-74.0026
127302,40.7511,-74.006
127303,43.656,-79.3803
127304,41.0438,-71.9503
127343,41.4175,-73.2922
127344,41.3052,-72.9278
127524,42.3408,-72.5196
127527,41.082,-74.1756
127534,40.7118,-73.7898
127538,40.7392,-73.9221
127617,41.4371,-73.4079
127653,41.1398,-73.3625
127991,40.6563,-73.9503
128015,43.1761,-79.2438
128055,40.7746,-73.872
128068,43.6445,-79.4178
128069,43.6486,-79.3933
128117,40.7425,-74.006
128355,40.679,-73.9642
128572,40.7106,-73.9657
128573,40.7275,-73.9906
128601,40.6699,-73.9791
128632,40.7241,-73.9961
128634,40.7588,-73.9846
128644,40.8411,-72.9591
128660,40.8773,-73.6164
128661,41.9649,-73.9885
128662,40.7603,-73.9869
128722,43.4508,-79.7035
128766,40.7438,-73.9762
128772,40.7344,-73.9887
129117,43.6248,-79.4985
129187,43.6388,-79.3915
129328,40.7846,-77.8478
129359,43.8592,-79.5067
129412,40.7025,-73.9939
129604,41.3731,-71.9598
129657,43.5816,-79.7579
130752,40.9128,-73.7835
130754,40.7025,-73.9939
131507,40.7289,-74.0002
131870,40.7626,-73.9734
132642,43.6511,-79.3839
132645,43.6491,-79.3716
132647,43.6464,-79.3802
132862,40.7556,-73.9935
133612,40.7227,-73.9866
134385,43.6703,-79.3846
134595,40.6232,-74.4322
134597,40.7727,-73.9841
135037,40.9829,-72.5895
135745,43.1945,-79.5657
136448,40.7709,-73.9836
137130,43.6489,-79.4206
137132,43.6509,-79.4936
137133,43.6482,-79.4007
137371,42.6614,-73.7774
137447,43.6995,-79.7471
137448,43.66,-79.4346
137449,43.6795,-79.4162
137577,42.1388,-72.6264
137774,40.947,-73.0707
139932,43.8292,-79.1206
140801,43.6647,-79.3243
140969,44.2322,-76.4843
141947,40.727,-73.9918
141950,40.8552,-73.8879
142538,40.763,-73.9819
142916,40.747,-73.6482
142947,44.3809,-73.2274
143124,43.6649,-79.3959
143130,43.6435,-79.3968
143313,40.9122,-73.7842
143354,40.7204,-74.0
143566,40.7704,-73.9905
143567,40.8771,-74.0653
144266,43.6332,-79.4186
144747,43.2331,-77.5438
144763,43.7983,-79.3845
144853,40.7749,-73.9544
145480,43.0918,-79.0723
145594,40.7549,-73.9842
145752,40.7591,-73.9799
145838,40.7024,-73.9898
145865,40.7192,-73.9999
148191,40.7422,-73.9934
148193,40.7118,-73.9639
148464,43.7253,-79.4477
148648,40.7757,-73.9799
148896,40.7123,-73.9637
150066,43.7075,-79.3987
150605,40.726,-73.9777
150617,40.7277,-74.0054
150901,41.3084,-73.7662
150935,40.5024,-74.4512
150938,40.609,-73.9577
150950,43.142,-77.6035
150951,43.1432,-77.5949
152354,41.7949,-72.7157
152726,40.7257,-74.0106
152853,43.875,-79.557
152886,41.3156,-73.0952
152887,41.2879,-73.1129
153340,41.4683,-75.636
153341,41.4094,-75.6621
153344,41.2453,-75.8826
153723,43.6443,-79.4015
154080,40.7272,-73.9893
154699,43.0722,-76.2136
154868,40.7157,-74.0107
155482,40.7697,-73.9575
155779,40.9972,-72.0472
155999,40.7139,-74.0331
156262,40.8591,-74.9846
156364,42.0888,-72.6324
156365,42.1692,-72.64
156540,43.1338,-77.689
156591,42.9921,-73.7892
156610,40.7389,-74.0304
156621,44.1695,-73.2393
156674,40.6281,-75.3681
156885,40.6993,-75.2094
156943,43.0211,-77.4415
157169,40.7805,-73.9668
157196,40.7249,-74.0022
157303,42.6533,-73.7884
157344,40.6937,-73.9644
157345,40.713,-73.9493
157359,40.7856,-73.9763
157522,43.7903,-79.5209
157523,43.6482,-79.3965
157819,40.8741,-73.597
157897,41.7611,-72.7393
157898,42.0378,-72.6156
157899,41.7657,-72.6116
157900,41.7295,-72.5808
158044,41.7652,-72.7073
158551,42.4601,-75.0193
158630,40.7683,-73.9713
158636,40.7378,-73.9904
158638,40.601,-73.5024
158640,43.0874,-79.084
158641,40.8025,-73.4221
158642,40.7458,-73.9885
158656,41.1276,-73.7877
158658,41.083,-73.3943
158703,43.0308,-77.439
159497,40.6544,-73.676
159499,40.672,-73.51
159515,41.2057,-73.2482
159599,43.1529,-77.6068
159600,43.1459,-77.5572
159699,41.8097,-72.546
159752,43.1581,-77.5479
161501,40.8382,-73.8598
162410,40.6887,-73.9931
162702,43.6464,-79.4092
162961,44.4643,-73.2145
166665,42.0983,-72.7629
166837,40.664,-73.5254
167387,40.763,-73.9814
174103,40.7339,-73.9992
174105,40.7418,-74.1784
174808,41.3638,-75.6795
175082,40.7242,-73.9826
175273,40.7861,-73.4739
176901,41.2381,-77.0043
176902,40.9892,-76.8779
177918,43.6618,-79.6096
178163,40.7591,-73.9799
178164,40.6371,-73.641
178340,41.1531,-74.1897
178798,41.9167,-72.6134
178800,40.6997,-73.8085
178801,40.6439,-73.7828
179141,43.5256,-79.6551
179142,43.6451,-79.3838
179146,43.598,-79.6047
179147,43.6525,-79.3753
179151,43.6454,-79.3806
179282,43.7635,-79.4113
179389,42.319,-72.5288
179479,43.2234,-77.4168
179480,43.069,-76.173
179545,40.7558,-73.98
179670,43.072,-79.0738
179694,40.6415,-73.7819
180573,43.6186,-79.5749
180604,40.5319,-74.5219
182013,43.6344,-79.6876
184399,41.4349,-73.2429
187407,40.8269,-73.9281
188645,43.6443,-79.4015
189269,40.7195,-73.9981
194081,42.8098,-73.9188
