0,30.2359,-97.7951
2,34.043,-118.267
5,40.7612,-73.9869
8,37.7794,-122.424
9,38.9119,-94.7664
10,38.8964,-94.7545
11,26.2847,-80.2096
14,42.347,-71.0874
17,35.1184,-89.9449
18,33.1376,-117.189
20,32.8003,-96.6341
21,33.8097,-117.923
22,40.7559,-73.9824
24,37.3317,-121.996
30,30.4722,-97.7994
35,33.0795,-96.8231
37,39.7639,-86.1555
39,37.6164,-122.386
43,34.0486,-118.436
44,30.4237,-97.7021
49,38.969,-94.6082
50,41.9118,-87.6771
53,37.7007,-122.484
54,30.3381,-97.719
55,40.0168,-105.281
60,35.4793,-97.5214
61,41.143,-81.3571
65,38.9581,-95.2506
68,33.4633,-86.7952
69,28.3872,-81.4924
71,36.0809,-115.147
73,37.4252,-122.146
75,38.9903,-94.6088
80,30.317,-97.7496
82,37.7908,-122.389
90,37.6529,-97.429
91,30.2663,-97.7712
94,32.9664,-97.038
96,37.4224,-122.088
112,30.3892,-97.7528
113,30.2654,-97.7402
114,47.5634,-122.627
115,39.1798,-76.671
119,26.1915,-80.1387
123,37.4575,-122.132
140,38.951,-104.804
141,30.2594,-97.7384
143,40.7381,-73.9906
153,30.4078,-97.7267
158,37.6363,-122.401
178,29.9616,-95.5922
180,30.2602,-97.751
182,30.262,-97.7417
184,37.8001,-122.442
188,47.6503,-122.35
194,39.2974,-94.716
202,30.2159,-97.8308
209,30.2039,-97.7177
210,30.2693,-97.7476
211,30.3127,-97.7387
216,36.1007,-115.28
218,35.612,-97.5667
219,35.3609,-97.5476
220,30.2582,-97.8077
223,40.6439,-73.7828
228,39.0078,-94.5786
236,32.7842,-96.7844
237,41.583,-93.6185
241,47.98,-122.205
242,30.3322,-97.7403
243,41.0835,-74.0586
244,33.9125,-117.867
245,37.7649,-122.423
248,39.1021,-94.5817
261,30.2016,-97.6671
266,30.2654,-97.7559
269,36.1074,-86.8149
281,25.7765,-80.1962
284,37.7985,-122.45
286,38.9661,-94.7797
291,28.0186,-82.7656
296,39.0622,-94.5906
300,38.8725,-94.6703
303,37.7602,-122.41
307,27.4085,-82.4506
309,47.588,-122.334
316,32.6022,-85.4891
322,41.8741,-87.6251
330,37.7724,-122.406
341,40.2387,-77.0469
356,36.0851,-79.8317
360,40.2338,-111.66
362,35.5082,-97.5249
368,39.0029,-94.3345
372,40.1079,-75.1161
373,39.3594,-74.4316
376,37.7624,-122.397
378,40.7392,-73.9946
381,30.1721,-95.4749
391,39.0183,-94.7379
392,38.9652,-92.3455
395,43.7224,-79.237
397,36.111,-79.1037
401,30.4608,-97.792
408,28.5422,-81.3777
411,39.7254,-104.986
412,45.4737,-122.648
417,40.7738,-73.9809
425,35.9958,-78.9001
429,33.7745,-84.3713
436,30.3074,-97.7399
437,30.2315,-97.7971
444,38.8938,-77.4288
450,44.8812,-93.2141
451,34.2109,-118.844
458,45.5026,-122.859
459,40.7692,-73.9816
463,39.1918,-120.248
465,37.7859,-122.405
479,39.2818,-76.5912
480,38.9712,-95.2351
482,38.9399,-94.6096
483,29.5627,-98.5931
485,39.0914,-94.5867
486,32.8656,-96.9314
488,38.9622,-94.6686
489,37.7976,-122.406
491,32.8816,-97.5765
493,29.4858,-98.6661
495,30.2667,-97.7455
497,37.7817,-122.394
498,30.2618,-97.7618
500,39.088,-94.5838
507,35.7791,-78.6356
511,37.7933,-122.395
520,41.8424,-88.0022
522,40.7244,-73.9924
524,30.2701,-97.7504
525,41.6395,-71.0259
527,37.6164,-122.386
537,30.2778,-97.7513
544,39.0898,-94.5864
546,39.2899,-84.4677
556,45.5243,-122.681
559,30.2602,-97.751
560,32.7516,-97.083
561,40.5842,-105.077
562,32.1906,-100.011
567,33.6337,-117.917
568,30.1625,-97.8436
570,39.0976,-94.5833
571,30.2676,-97.7409
575,33.7446,-116.303
579,43.5932,-79.5174
581,30.4641,-97.7704
585,37.7597,-122.427
592,32.8587,-96.7697
596,39.0211,-77.1868
598,34.1961,-118.354
599,37.3879,-122.083
603,39.104,-94.5886
604,40.8148,-74.219
607,40.7764,-73.9477
614,35.4752,-97.5196
615,30.2016,-97.6671
625,42.7107,-71.4531
638,30.2855,-97.742
657,36.1265,-115.167
665,36.0603,-115.154
678,33.8595,-116.559
686,34.0816,-117.658
692,40.5883,-80.2248
695,39.6558,-104.99
701,33.7905,-84.3066
716,30.3967,-97.7495
723,30.2714,-97.7221
729,33.1687,-96.6337
730,30.2016,-97.6671
735,36.0113,-83.9759
738,42.1227,-71.6601
746,47.6126,-122.194
749,39.3563,-74.4381
750,30.2607,-97.7378
751,30.3925,-97.6721
755,39.0437,-77.1721
760,36.8294,-119.781
770,40.7993,-74.4822
773,32.6782,-97.4653
786,42.34,-71.1665
807,37.7844,-122.407
808,47.254,-122.453
811,34.0674,-117.841
822,41.4175,-81.7713
844,36.2818,-115.264
845,32.8537,-97.334
852,40.3897,-74.7605
854,33.2321,-97.169
856,30.1983,-92.0777
859,33.3749,-112.31
860,40.2445,-76.9957
862,36.1049,-95.8337
864,30.5215,-97.8295
874,39.8689,-76.1133
900,33.9086,-84.2254
908,39.9915,-104.983
910,35.055,-80.8472
912,33.1018,-96.6686
914,45.5079,-73.5713
927,43.0476,-87.9655
930,35.4823,-97.5035
947,32.7516,-97.083
968,39.2505,-119.949
989,30.6315,-96.3249
993,35.9638,-83.1822
997,40.8395,-74.2075
1010,28.4423,-81.3416
1011,33.5238,-117.154
1014,40.7405,-73.9867
1027,34.1691,-118.377
1032,43.6443,-79.5599
1033,33.4657,-112.085
1043,42.4773,-83.0664
1045,35.4633,-97.5075
1047,36.5996,-121.895
1051,41.9179,-87.6873
1052,36.8079,-119.755
1053,32.777,-96.7597
1066,34.188,-118.372
1067,32.7771,-96.7594
1070,28.3542,-81.6064
1075,39.7862,-76.7332
1077,32.4056,-88.6889
1083,34.1119,-83.9738
1104,40.7445,-73.9984
1107,33.7714,-97.1335
1121,34.0605,-117.517
1128,37.9765,-122.037
1133,45.5229,-73.5953
1144,33.9679,-83.4104
1149,30.3578,-97.9577
1157,33.2995,-111.899
1162,28.5536,-81.3459
1163,30.2602,-97.751
1165,27.9965,-82.5152
1167,32.7034,-117.165
1169,35.0807,-92.4569
1174,37.7991,-122.264
1186,30.2428,-97.7826
1192,32.8913,-97.2585
1201,30.2823,-97.8615
1202,39.9375,-75.1676
1203,49.2875,-123.119
1206,35.583,-97.5676
1214,40.7727,-73.9816
1216,40.4245,-79.8911
1218,49.2411,-123.111
1219,33.1376,-96.8032
1224,37.3806,-122.112
1225,27.965,-82.5135
1232,30.0739,-90.4881
1237,26.3947,-80.1919
1242,33.4679,-117.11
1249,30.4868,-97.6635
1252,42.4266,-83.4299
1269,40.75,-74.0272
1275,33.4181,-111.932
1282,35.4928,-97.5308
1284,30.506,-97.7816
1287,26.3696,-80.2064
1301,44.9807,-93.2734
1302,34.1059,-118.184
1309,40.2856,-111.711
1319,30.4799,-97.8291
1324,34.0323,-117.69
1325,33.0104,-97.2219
1333,40.6957,-80.3033
1336,39.8804,-75.5444
1344,41.8808,-87.6742
1346,37.3319,-122.03
1353,42.1511,-87.8174
1362,40.8032,-73.2127
1365,39.9324,-75.1617
1366,41.4191,-81.9136
1390,27.9217,-82.3234
1405,26.0478,-80.1641
1406,42.2299,-83.1023
1410,29.9912,-95.5124
1411,36.0253,-115.087
1422,42.8618,-80.729
1429,36.11,-115.153
1431,30.2586,-97.7443
1432,30.2811,-97.7452
1434,38.896,-77.0213
1449,35.4857,-97.5395
1452,28.0027,-82.4883
1453,37.8042,-122.432
1457,37.7826,-122.407
1465,34.0725,-81.1579
1467,34.1403,-118.369
1482,36.8985,-76.2049
1483,39.8999,-84.1844
1484,33.5663,-117.205
1485,45.3206,-75.8368
1488,32.8262,-97.1665
1490,39.8495,-104.674
1499,30.3154,-97.734
1500,40.6703,-73.9855
1503,44.3917,-79.6929
1515,33.4257,-111.94
1519,45.4253,-75.6918
1520,36.2366,-89.7414
1524,32.8222,-96.7874
1527,40.7377,-74.0313
1537,40.7399,-73.9849
1545,30.2671,-97.7444
1550,39.0429,-95.7262
1552,33.9125,-84.4181
1553,33.8086,-84.3644
1557,43.13,-77.4764
1562,33.5244,-117.154
1564,33.6791,-117.861
1573,40.0904,-74.0363
1576,44.7637,-85.6238
1580,39.7743,-85.9718
1581,41.1571,-96.03
1598,39.1897,-106.819
1611,44.9889,-93.2551
1614,39.7607,-75.304
1618,47.2643,-122.448
1623,34.0999,-117.606
1624,34.0216,-118.281
1639,32.779,-79.9319
1640,39.9204,-77.6419
1648,40.6396,-73.9676
1654,33.9819,-118.405
1655,33.8794,-117.883
1657,41.8917,-87.6246
1660,33.4704,-86.7715
1661,26.6614,-80.1626
1663,35.2382,-97.4855
1674,37.3941,-122.076
1676,28.1897,-82.5421
1689,34.1222,-118.148
1690,33.6497,-84.4512
1695,32.8687,-96.9404
1696,29.7838,-95.5083
1702,34.0081,-118.491
1703,37.42,-122.214
1704,43.0339,-88.0398
1708,40.988,-74.3268
1717,36.0748,-115.241
1721,36.8245,-76.0674
1727,33.6244,-111.929
1733,39.954,-75.2117
1738,32.8443,-96.7861
1739,45.4946,-73.6546
1747,29.9878,-95.3394
1748,37.5254,-122.004
1755,34.0976,-118.328
1760,28.5696,-81.3892
1761,37.4508,-122.178
1763,40.7558,-73.9908
1766,42.9968,-81.226
1779,33.609,-117.929
1784,38.2707,-122.035
1785,33.5681,-117.204
1794,45.8897,-95.3693
1795,37.4186,-122.147
1799,27.7739,-82.6337
1800,40.8593,-73.8992
1805,30.2979,-97.706
1817,37.4488,-122.158
1834,29.7587,-95.3921
1839,40.5288,-111.889
1848,41.9784,-87.6687
1859,48.1115,-123.413
1860,34.0443,-118.379
1881,33.9946,-118.439
1890,34.0208,-118.281
1896,35.5938,-97.5675
1897,37.6952,-122.083
1908,37.29,-80.0932
1920,29.9928,-95.5779
1921,33.8001,-117.921
1930,33.0343,-96.7935
1933,36.1144,-115.194
1940,33.6157,-117.875
1941,30.2937,-97.7418
1948,33.7608,-96.5837
1954,35.5236,-97.5312
1960,42.3711,-71.1582
1961,47.5688,-122.403
1966,34.0336,-84.576
1967,36.1549,-115.332
1975,48.7953,-122.532
1999,38.9024,-77.0604
2000,32.787,-96.7955
2009,40.7506,-73.9934
2017,47.6763,-122.207
2018,41.2644,-95.9903
2024,40.6439,-73.7828
2028,36.0928,-115.175
2032,38.8505,-77.041
2040,39.9457,-75.1748
2047,43.8621,-78.9427
2063,33.6219,-111.873
2066,36.0849,-115.149
2067,40.1682,-74.8937
2069,35.4773,-97.5128
2070,37.4452,-122.161
2073,37.4031,-122.147
2080,40.7675,-73.9886
2081,40.7694,-73.9854
2092,42.0648,-88.2919
2095,42.9554,-85.6526
2102,37.4157,-122.077
2105,40.7428,-73.9998
2112,30.3553,-97.9618
2127,37.791,-122.41
2142,32.9615,-96.8259
2143,34.9225,-120.427
2152,44.0456,-121.323
2153,40.7571,-73.642
2156,30.2246,-97.7668
2168,40.4959,-80.2535
2169,32.7319,-117.202
2170,34.0623,-118.349
2182,37.5892,-122.344
2186,39.6082,-104.96
2193,37.7837,-122.403
2195,49.2658,-123.246
2196,37.7849,-122.411
2197,41.8745,-87.6566
2200,43.3271,-83.7402
2203,33.6423,-117.596
2210,37.7929,-122.412
2220,37.7994,-122.438
2221,40.6439,-73.7828
2224,32.9356,-96.8176
2225,39.6302,-106.059
2227,39.1276,-77.0735
2229,33.9485,-84.5134
2233,34.0091,-118.493
2235,40.5509,-74.7101
2239,32.7851,-96.7813
2240,37.7668,-122.43
2241,30.2273,-97.7695
2242,41.0469,-73.5419
2244,37.3879,-122.083
2255,35.7776,-78.6381
2262,37.7791,-122.414
2270,41.4115,-81.8392
2280,33.9435,-118.407
2290,41.5303,-73.8932
2291,45.5245,-122.684
2292,33.8643,-118.261
2295,36.2394,-115.232
2297,28.4477,-81.477
2300,36.0849,-115.149
2307,40.0099,-83.0014
2308,42.3611,-71.0706
2315,30.285,-97.7335
2319,30.2643,-97.7409
2326,36.9528,-76.4078
2327,36.1265,-115.167
2335,37.6841,-97.2814
2339,33.6733,-117.876
2347,33.6386,-84.4371
2348,39.0976,-94.5824
2353,37.3641,-120.428
2354,41.5994,-83.6101
2355,32.7118,-117.156
2364,37.2451,-121.959
2366,34.0313,-118.434
2380,35.5717,-82.5015
2385,33.6996,-117.908
2397,33.7896,-117.853
2415,33.5504,-117.78
2416,49.1385,-121.959
2427,36.0845,-115.112
2434,37.7937,-122.393
2448,27.6724,-97.3563
2455,34.1518,-118.08
2457,32.8117,-96.7751
2459,36.0782,-119.038
2460,29.7603,-95.37
2461,33.0009,-96.7682
2465,33.4882,-112.06
2471,28.4491,-81.4898
2482,32.7088,-117.157
2494,40.2486,-111.647
2499,39.1174,-77.2004
2500,35.2196,-80.9505
2512,38.8998,-77.0279
2514,36.0684,-115.178
2515,30.6106,-96.3127
2517,36.1615,-86.7764
2525,37.7529,-122.408
2559,44.8545,-93.2418
2562,43.0891,-87.8937
2572,41.9479,-87.6558
2573,39.0648,-77.1258
2584,32.9438,-97.1305
2599,34.0505,-118.259
2612,32.7967,-96.8199
2621,35.508,-97.5343
2622,41.0572,-73.5152
2629,33.3726,-86.8145
2631,42.129,-87.876
2632,42.7015,-71.4372
2645,39.6505,-104.941
2654,30.296,-97.7428
2660,34.1437,-118.15
2668,40.1162,-85.574
2669,37.4157,-77.6404
2670,43.015,-89.4575
2671,30.4436,-97.7414
2673,30.1528,-94.2712
2687,33.9592,-117.321
2692,35.4771,-93.4665
2695,32.9306,-97.2646
2703,38.6354,-90.3462
2727,32.3333,-95.2643
2743,35.7953,-90.6835
2744,33.8121,-117.919
2754,32.9868,-96.711
2756,37.687,-97.3291
2765,37.6766,-121.896
2771,39.4815,-86.0551
2774,33.6511,-117.841
2778,37.9731,-122.561
2784,32.5301,-94.7881
2785,30.2672,-97.7391
2787,39.7124,-104.973
2789,38.9289,-94.4078
2796,38.9376,-77.2647
2798,40.7632,-73.9832
2802,33.1737,-96.6384
2810,40.7532,-73.9822
2818,33.421,-111.892
2838,37.5247,-122.255
2842,38.9523,-77.4479
2853,41.5935,-93.643
2858,33.2156,-97.1361
2861,33.6118,-112.183
2867,35.8212,-78.8494
2870,38.9101,-77.0486
2878,35.3995,-78.012
2897,42.2836,-71.1639
2899,30.2672,-97.7628
2901,38.1826,-85.7401
2908,28.1926,-82.6345
2909,33.9259,-83.3399
2914,32.8364,-97.1321
2918,40.8149,-96.7108
2943,42.8129,-70.8119
2953,39.2674,-76.798
2972,40.7991,-73.4107
2994,41.9998,-71.5774
2998,47.5956,-120.662
3012,35.6572,-97.4778
3015,35.8249,-78.7072
3039,39.6795,-104.959
3048,34.1506,-118.003
3051,38.2535,-85.7063
3053,30.2585,-97.7147
3064,38.9973,-76.3863
3068,47.615,-122.328
3073,40.208,-75.2972
3074,36.0361,-86.7875
3077,35.0543,-85.3054
3078,35.6021,-77.3398
3080,32.782,-96.7613
3092,33.4357,-112.001
3094,39.3551,-104.801
3098,47.662,-122.436
3100,35.9609,-86.6724
3106,36.062,-115.25
3107,39.5891,-85.8238
3110,36.1135,-114.923
3111,28.329,-81.4209
3112,34.1119,-117.533
3126,34.1961,-118.354
3137,44.981,-93.2742
3138,30.2963,-97.7425
3157,39.0505,-95.6967
3164,30.3185,-97.7244
3166,40.7613,-73.9775
3175,32.7368,-97.327
3201,32.4612,-99.7037
3222,32.6662,-97.3444
3229,32.7822,-96.7667
3231,35.4631,-97.5092
3232,33.5248,-82.0725
3237,33.4361,-111.998
3246,34.1328,-118.252
3256,33.1071,-96.8123
3260,32.7809,-96.7584
3265,38.9511,-77.3343
3275,42.5257,-70.9947
3288,39.152,-76.6178
3297,32.9388,-96.6049
3304,30.1598,-95.4509
3323,33.0126,-96.9039
3325,30.3736,-97.7497
3327,32.7679,-97.0977
3332,37.9851,-122.312
3340,32.7381,-97.6398
3350,40.7445,-74.0288
3364,38.5737,-92.172
3380,27.9215,-82.3171
3382,34.3633,-89.5632
3383,30.3308,-97.731
3384,47.6687,-122.366
3386,32.7771,-96.7581
3387,39.5708,-104.987
3391,34.677,-92.3654
3401,40.7425,-74.0291
3403,29.6553,-98.4469
3404,47.5802,-122.406
3411,30.3995,-91.1071
3415,33.1903,-97.1001
3416,36.0619,-115.256
3420,32.7509,-97.363
3431,34.1071,-117.56
3442,35.4773,-97.5128
3443,38.9135,-94.7617
3446,47.504,-122.159
3455,35.7947,-78.7119
3458,34.0057,-81.0355
3479,39.2556,-76.5399
3489,44.9468,-93.1768
3491,33.9996,-81.0169
3496,33.126,-96.7327
3497,32.9559,-97.1057
3500,37.7756,-122.458
3512,34.0013,-117.719
3541,39.1998,-106.827
3549,43.0073,-87.9116
3550,40.7431,-74.0057
3553,40.742,-74.0047
3555,33.9435,-118.407
3557,30.4136,-97.6764
3558,40.4298,-111.899
3559,41.9479,-87.6558
3565,32.6754,-95.4858
3568,30.2663,-97.7364
3571,30.2664,-97.7355
3572,33.7641,-118.205
3576,30.3871,-97.7514
3578,39.8495,-104.674
3582,37.7764,-122.394
3584,30.2678,-97.7415
3585,34.014,-118.288
3591,29.4262,-98.4978
3596,39.1798,-76.671
3597,41.8837,-87.9395
3598,40.7746,-73.872
3600,42.8291,-89.0209
3601,45.4578,-73.75
3602,47.4434,-122.303
3603,35.3706,-80.7182
3604,33.4781,-112.04
3608,31.465,-97.1677
3611,30.2434,-97.8827
3619,30.2655,-97.7311
3620,38.8827,-77.1697
3624,32.9397,-96.7484
3625,44.8812,-93.2141
3626,32.8101,-96.8082
3631,30.2858,-97.7472
3633,41.7309,-88.1297
3639,30.3185,-97.7244
3640,34.0248,-84.3611
3641,34.0806,-118.076
3643,30.3789,-97.6868
3644,29.9823,-95.3415
3646,30.3381,-97.807
3647,44.2617,-88.4113
3650,45.4294,-75.6925
3651,38.9255,-94.4037
3656,32.8231,-117.103
3660,38.8893,-77.0502
3661,32.7853,-96.809
3663,40.7062,-73.9501
3668,30.3324,-97.7229
3673,32.7807,-96.7985
3674,33.2157,-97.1348
3679,36.1502,-86.7978
3681,30.2675,-97.7413
3682,30.2735,-97.7664
3684,30.2743,-97.7523
3689,30.2659,-97.7412
3690,32.7828,-96.7855
3694,30.2671,-97.7444
3695,37.7818,-122.41
3698,40.7348,-73.9886
3700,29.96,-95.5379
3701,33.2076,-117.386
3705,37.1305,-121.655
3708,37.7786,-122.402
3709,30.3962,-97.7276
3710,37.7957,-122.394
3711,40.7342,-74.1645
3716,33.9158,-98.4977
3718,35.864,-84.0645
3723,30.3087,-97.9397
3725,30.2763,-97.7657
3733,30.2575,-97.6953
3734,49.2765,-123.119
3740,34.043,-118.267
3741,41.9454,-71.2849
3743,40.023,-105.22
3746,37.3665,-121.926
3747,27.5308,-99.4898
3749,30.5298,-97.8148
3750,30.2627,-97.744
3752,37.5591,-122.301
3754,30.5345,-97.6931
3756,47.6613,-122.325
3758,29.9878,-95.3394
3762,30.2502,-97.7493
3770,29.7443,-95.3862
3771,32.8056,-96.8126
3773,32.8366,-97.1205
3777,40.7862,-111.982
3778,30.267,-97.7445
3784,37.8079,-122.27
3796,45.5358,-123.129
3801,30.3615,-97.7169
3810,41.9489,-87.6542
3813,28.4109,-81.5878
3817,30.2525,-97.747
3819,37.6164,-122.386
3821,30.3542,-97.7554
3824,32.7104,-117.161
3825,27.5855,-97.2184
3826,39.5469,-107.325
3827,30.509,-97.6821
3828,29.7507,-95.3622
3830,40.7961,-74.4809
3831,33.9521,-84.657
3835,30.282,-97.7404
3836,30.4143,-97.6967
3837,42.3852,-71.1194
3838,33.224,-96.9074
3840,31.8031,-97.0995
3841,30.2776,-97.7424
3860,29.4617,-98.4828
3861,29.6666,-98.633
3866,40.761,-73.9869
3869,30.4009,-97.7268
3870,30.2616,-97.7586
3873,30.7586,-98.2234
3876,30.2653,-97.7385
3880,27.9232,-82.3656
3885,47.6146,-122.316
3887,30.3948,-97.7525
3890,37.8435,-122.252
3892,30.27,-97.7491
3893,39.594,-104.804
3897,44.2322,-76.4843
3900,30.2599,-97.7184
3903,41.9749,-87.9066
3904,32.7483,-96.8283
3909,33.6812,-78.9777
3913,30.2623,-97.7615
3914,30.285,-97.7335
3918,29.9164,-90.1133
3920,32.9246,-96.8034
3922,42.1565,-71.9643
3928,39.9539,-75.1678
3930,30.2749,-97.7516
3933,32.9782,-96.7695
3934,37.9304,-122.059
3935,30.2937,-97.7418
3944,33.1527,-96.8636
3945,29.4182,-98.5152
3951,37.7824,-122.388
3952,29.4193,-98.6487
3955,34.0668,-118.309
3957,38.9624,-77.3631
3961,30.2777,-97.7435
3970,37.7361,-122.41
3977,39.7189,-104.956
3981,35.0476,-106.617
3982,35.3158,-97.4935
3984,37.7858,-122.407
3991,33.0042,-96.7704
3995,29.9806,-95.5117
4003,27.7002,-97.3572
4005,30.2677,-97.7413
4008,30.2535,-97.7309
4009,33.9018,-118.366
4010,35.9505,-86.817
4012,32.8201,-96.7847
4015,30.285,-97.7335
4017,30.2635,-97.7402
4019,44.1192,-123.212
4020,37.7817,-122.402
4026,30.4449,-97.7856
4027,30.2666,-97.7443
4033,37.7911,-122.404
4036,44.9663,-93.35
4045,30.2267,-97.7605
4047,37.9779,-121.993
4051,36.0068,-78.9477
4053,44.9771,-93.2635
4058,39.6842,-88.3062
4060,41.7697,-88.1454
4063,33.8628,-117.878
4064,30.567,-97.8485
4065,32.7754,-96.8086
4067,40.674,-75.3438
4073,29.9694,-95.5309
4077,32.8695,-96.9466
4078,30.2715,-97.7417
4080,40.7515,-73.994
4082,29.7836,-95.5366
4084,30.2649,-97.7313
4088,38.7407,-89.6736
4098,32.7085,-117.158
4104,30.2553,-97.7627
4106,30.2676,-97.7442
4109,38.1397,-78.4499
4110,30.2612,-97.7428
4124,40.2541,-111.659
4127,36.9771,-122.016
4131,36.1485,-86.6787
4140,33.1532,-96.8601
4149,34.8509,-82.3998
4156,32.7832,-96.8076
4160,29.7332,-95.411
4161,26.3885,-80.1513
4162,30.2696,-97.7495
4166,30.2685,-97.7362
4170,25.8068,-80.1931
4172,40.0897,-75.414
4176,45.3674,-122.611
4177,30.5018,-97.7008
4178,34.4098,-119.692
4179,37.7753,-122.421
4182,37.7982,-122.407
4183,30.183,-97.8477
4184,30.2642,-97.7408
4188,42.9749,-70.8909
4189,30.262,-97.7426
4191,39.0313,-95.7626
4195,39.0978,-94.581
4196,40.7042,-73.9849
4197,38.943,-95.2594
4198,39.0287,-94.688
4201,38.9715,-95.2353
4208,41.2585,-95.9276
4209,38.92,-94.6391
4210,38.972,-95.2827
4231,37.7954,-122.276
4250,37.4179,-122.026
4259,38.8972,-77.0481
4290,28.3818,-81.5101
4307,47.6719,-117.091
4327,42.3131,-71.2743
4346,37.903,-122.065
4361,37.7903,-122.391
4363,40.7616,-73.9704
4378,37.4448,-122.161
4382,37.7875,-122.399
4386,37.7999,-122.441
4392,37.3833,-121.894
4396,37.4257,-122.145
4401,37.7626,-122.396
4405,33.6404,-84.4393
4411,36.1132,-95.9752
4413,41.3366,-73.7969
4415,37.6164,-122.386
4418,39.6932,-104.64
4425,45.4766,-122.732
4428,45.522,-73.574
4435,42.9301,-75.8551
4441,39.8495,-104.674
4447,40.7855,-73.9766
4451,40.008,-105.276
4454,30.3115,-97.7973
4459,37.3753,-122.17
4500,35.0435,-89.9816
4503,35.6113,-97.5739
4505,36.045,-86.6652
4510,49.0506,-122.32
4514,32.7513,-117.206
4518,42.2245,-71.2238
4522,32.7841,-117.171
4525,38.3893,-81.8341
4526,34.8509,-82.3998
4527,26.415,-80.1175
4529,28.5929,-81.372
4531,33.9946,-81.0367
4533,39.653,-86.1366
4539,40.1348,-74.9612
4543,42.9819,-79.2713
4545,33.9775,-81.0198
4546,40.0418,-86.1056
4556,37.6551,-77.6186
4561,42.4292,-71.0153
4562,36.0676,-94.1727
4564,33.6714,-117.647
4565,43.6508,-79.3753
4566,39.4522,-74.6477
4569,42.3512,-71.0726
4571,32.8935,-97.2739
4573,43.6433,-79.3987
4575,45.5328,-73.486
4585,41.978,-87.9037
4586,30.3045,-81.6551
4595,40.6211,-74.0318
4596,38.981,-77.0976
4597,32.9513,-117.234
4599,40.6888,-73.989
4600,40.7545,-73.9842
4602,42.0905,-72.6184
4605,40.9175,-74.0576
4607,39.5011,-87.5595
4611,34.8519,-82.3992
4614,33.0467,-117.298
4626,47.6163,-122.201
4629,32.8367,-96.7519
4630,44.9467,-93.0972
4631,26.6155,-80.0437
4639,34.1596,-118.284
4645,37.7807,-122.393
4646,40.0241,-83.0721
4647,33.9435,-118.407
4648,32.9998,-97.2285
4663,33.8811,-84.4709
4666,40.6847,-74.2399
4677,32.8975,-97.0404
4679,40.7462,-73.984
4687,32.9444,-96.7
4697,45.4265,-75.6941
4699,33.0512,-96.7948
4702,30.2758,-97.7399
4709,33.0653,-97.0801
4710,32.8632,-97.0583
4724,32.7941,-96.8026
4751,49.2751,-123.121
4752,33.7463,-117.87
4754,32.7319,-117.202
4756,30.2678,-97.7415
4757,33.6844,-117.175
4758,33.8078,-117.923
4766,39.7276,-75.6485
4771,40.7958,-74.3157
4775,37.8704,-122.267
4779,38.5839,-121.5
4788,30.27,-97.7491
4804,35.525,-97.5355
4805,32.979,-117.082
4806,32.7771,-96.7594
4807,35.2196,-97.4439
4816,44.9677,-124.017
4824,37.7833,-122.391
4830,38.9881,-77.0979
4832,41.3751,-71.4886
4835,39.7345,-84.2038
4837,33.979,-84.4612
4839,37.3518,-122.014
4840,32.8159,-96.7703
4843,45.5005,-122.919
4844,32.7855,-96.8086
4848,40.729,-73.9871
4851,33.4843,-112.074
4867,32.7954,-96.7397
4869,40.3003,-105.088
4874,47.65,-122.352
4882,42.3475,-88.2819
4885,45.524,-122.693
4886,36.1046,-95.9137
4892,40.7628,-73.9929
4896,35.8756,-78.7916
4898,41.7008,-86.3132
4902,40.772,-73.9751
4905,30.3647,-98.0711
4908,34.1532,-118.826
4914,34.2051,-118.227
4915,34.0604,-118.446
4917,28.0615,-82.7063
4920,40.7167,-74.0061
4923,37.7313,-88.9622
4928,40.7539,-73.9911
4930,42.5635,-71.4297
4938,40.7192,-73.9861
4952,33.5388,-101.924
4953,28.9608,-81.9971
4968,35.4632,-97.5773
4973,45.4745,-122.672
4977,33.9583,-118.397
4985,40.7728,-73.9584
4992,33.621,-112.181
4994,43.8446,-79.3813
4997,36.1579,-95.8536
4998,40.7373,-73.991
5043,39.247,-94.6512
5051,37.6147,-122.385
5080,34.0846,-118.339
5091,37.3517,-122.03
5100,39.1962,-120.236
5102,37.7539,-122.421
5114,37.7505,-122.418
5117,41.3116,-72.9296
5130,32.8975,-97.0404
5146,37.0853,-94.46
5171,32.9434,-97.1319
5190,30.2539,-81.5303
5191,29.9856,-95.3445
5197,32.8975,-97.0404
5203,34.432,-97.1453
5206,35.3173,-97.4889
5208,35.6688,-97.5149
5215,30.2839,-97.7312
5216,29.4584,-98.7003
5231,30.3962,-97.7263
5233,30.2712,-97.7405
5238,40.7283,-73.9854
5245,26.9049,-80.2987
5247,37.429,-121.92
5254,33.5177,-86.6567
5257,35.3852,-119.106
5267,32.7498,-97.2653
5269,30.4053,-97.8743
5273,30.307,-97.74
5275,30.4523,-97.7562
5278,43.9028,-80.1196
5279,33.4821,-112.075
5283,37.771,-122.413
5284,37.8679,-122.258
5290,37.789,-122.401
5294,30.2656,-97.7404
5296,37.7553,-122.423
5304,30.2607,-97.7468
5327,33.6153,-112.2
5331,34.0176,-118.487
5373,32.7726,-96.988
5387,47.6732,-122.119
5388,47.6524,-122.355
5390,47.5998,-122.196
5393,37.0015,-121.921
5395,34.1226,-118.268
5401,42.3376,-83.0522
5404,34.7442,-92.2738
5410,26.4411,-80.0612
5413,39.162,-84.5395
5419,37.4541,-122.187
5422,44.2837,-73.9819
5424,37.7831,-122.404
5433,34.0176,-118.487
5436,39.8773,-75.2417
5439,33.8121,-117.919
5440,38.2519,-85.6576
5441,34.2579,-118.58
5446,39.1947,-120.096
5447,33.7937,-84.4255
5452,38.4129,-86.6511
5455,40.1459,-82.9432
5456,39.7811,-86.1618
5459,43.4889,-79.7174
5462,47.6676,-122.385
5463,40.7417,-73.9934
5466,42.3586,-71.0914
5467,39.7162,-104.987
5496,38.9921,-120.104
5498,37.7811,-122.402
5556,42.3629,-71.0934
5561,45.5591,-122.655
5566,38.2325,-122.641
5592,41.4571,-81.8981
5604,37.7789,-122.392
5628,37.7627,-122.396
5635,42.3665,-71.1053
5648,30.317,-97.7496
5650,38.6292,-90.2458
5654,30.2841,-97.7186
5658,30.2649,-97.7313
5661,30.2649,-97.7339
5665,30.2648,-97.7473
5668,29.9521,-90.0706
5676,26.202,-98.238
5678,30.2495,-97.7552
5683,30.1981,-97.7655
5686,32.7309,-97.1128
5694,30.2511,-97.7542
5697,30.3708,-97.7562
5710,30.2665,-97.744
5714,30.265,-97.7316
5717,40.7285,-73.9969
5719,30.2768,-97.742
5727,30.2661,-97.7406
5733,30.251,-97.7493
5735,30.2299,-97.7314
5737,30.2746,-97.765
5738,37.6164,-122.386
5750,30.4495,-97.6563
5754,30.2469,-97.7308
5768,30.5602,-97.6905
5773,30.2225,-97.8403
5801,36.8061,-119.701
5815,37.7876,-122.399
5824,43.6783,-79.4409
5830,30.3642,-97.6966
5833,39.4066,-77.3873
5837,38.9523,-77.4479
5844,32.7134,-117.154
5845,44.9483,-93.2949
5851,47.6426,-122.125
5860,32.869,-117.231
5867,37.7676,-122.232
5869,46.0527,-118.395
5874,42.0931,-76.8123
5876,35.9645,-86.8116
5880,41.978,-87.9037
5881,28.5959,-81.3507
5890,33.8883,-117.829
5895,38.5421,-121.723
5901,37.7016,-121.899
5905,41.978,-87.9037
5914,45.5699,-122.687
5915,40.7799,-73.9503
5918,43.0283,-77.4387
5923,39.4207,-77.4548
5924,43.6458,-79.3937
5941,40.8467,-96.7551
5943,40.7399,-73.9849
5946,42.4086,-77.2146
5948,39.9598,-82.9883
5952,34.0656,-118.411
5955,42.3571,-71.0585
5957,33.1746,-87.5251
5960,43.6665,-79.4513
5961,42.5132,-83.0997
5962,40.7652,-73.9755
5973,34.891,-82.2179
5975,38.8799,-77.4073
5983,33.3134,-111.874
5984,40.5854,-74.6185
5985,41.0567,-73.5383
5988,34.0402,-118.443
5992,37.3195,-121.972
5995,42.571,-70.8795
5996,37.4848,-122.233
6004,34.8098,-92.487
6014,42.3616,-71.0816
6024,40.7303,-73.9983
6027,35.4664,-97.5163
6031,29.7673,-95.4097
6035,35.5658,-97.5083
6054,35.5385,-97.5323
6056,35.4793,-97.5214
6057,38.6491,-121.518
6078,33.7571,-84.3964
6079,30.3718,-95.6109
6081,33.7707,-84.3529
6083,40.696,-73.9424
6089,33.7549,-84.4139
6103,38.9674,-95.2352
6113,30.2672,-97.7361
6120,30.4634,-97.6659
6133,30.1886,-97.915
6137,29.425,-98.4882
6140,33.1538,-96.8138
6160,30.2414,-97.7589
6169,37.7955,-122.396
6177,37.7755,-122.409
6183,37.6164,-122.386
6184,41.9438,-71.2836
6197,40.7227,-73.9953
6199,37.4039,-121.993
6210,29.4258,-98.4863
6233,39.7251,-104.978
6244,40.0555,-105.283
6260,39.7453,-104.993
6266,39.73,-104.987
6269,40.019,-105.275
6270,39.7503,-104.999
6274,35.5327,-97.532
6281,40.0192,-105.277
6286,41.7904,-87.7402
6291,40.0171,-105.283
6295,40.0695,-105.202
6302,41.3098,-105.575
6311,45.5328,-122.697
6312,45.5259,-122.68
6313,37.4448,-122.161
6317,35.525,-97.5444
6322,47.5713,-122.293
6323,37.7718,-122.414
6335,49.195,-123.178
6340,49.282,-123.106
6341,49.2849,-123.111
6351,40.7211,-73.9877
6355,37.7465,-122.419
6362,26.0712,-80.1421
6397,38.9523,-77.4479
6411,38.6649,-78.4841
6417,35.3926,-97.5429
6423,35.392,-97.5492
6435,41.9808,-87.668
6439,35.6394,-97.5326
6440,35.6609,-97.4667
6442,35.1608,-106.717
6447,32.8456,-96.7831
6451,35.1157,-90.0313
6453,35.5385,-97.5941
6458,35.6601,-97.5061
6461,35.5247,-97.5454
6464,40.5872,-105.075
6465,35.5395,-97.5961
6471,35.2038,-97.4643
6473,38.3475,-81.6338
6477,29.9154,-95.6158
6504,32.7828,-96.7855
6506,37.789,-122.404
6524,30.2491,-97.75
6529,36.1462,-86.7992
6533,37.4331,-122.128
6540,40.7405,-74.006
6570,37.7678,-122.393
6571,42.3685,-71.0331
6667,35.0016,-80.5684
6686,42.3808,-71.0983
6715,42.1074,-75.9094
6751,32.7926,-117.099
6756,38.8376,-104.823
6763,29.7822,-95.5615
6766,36.1987,-115.283
6769,33.2869,-91.1546
6789,37.9903,-122.335
6791,37.8932,-122.125
6792,36.0919,-95.8887
6797,33.0176,-96.8199
6800,28.597,-81.289
6802,33.6376,-112.236
6805,40.6206,-111.98
6812,35.0476,-106.617
6823,40.7775,-73.9831
6827,37.8197,-122.479
6833,26.1781,-81.7998
6835,45.4934,-122.575
6844,37.7831,-122.404
6845,42.7253,-71.4463
6850,35.6066,-97.6004
6860,30.2955,-97.7419
6864,32.3804,-111.049
6866,43.7701,-79.365
6872,37.6164,-122.386
6875,39.9097,-86.2669
6883,35.1307,-106.532
6885,49.0465,-122.802
6886,39.7403,-104.949
6887,37.3041,-79.9603
6889,39.7524,-104.996
6890,30.4822,-98.14
6892,44.9477,-93.3205
6910,34.088,-117.855
6914,43.6326,-79.4257
6918,30.2581,-81.5255
6925,33.7427,-118.293
6927,37.7746,-122.427
6930,33.5214,-81.7193
6939,32.716,-117.167
6945,32.3083,-110.855
6951,40.8296,-74.1392
6953,38.6269,-90.3422
6954,35.0311,-80.9674
6959,41.4789,-72.7989
6960,36.0163,-115.12
6967,41.7584,-88.2129
6991,40.1644,-75.1477
6992,39.7518,-104.988
6996,36.0321,-114.982
6997,47.6284,-122.135
6999,41.9471,-87.6551
7001,41.7033,-72.6599
7003,25.7283,-80.2421
7008,39.2947,-94.7191
7010,30.4816,-97.8051
7016,33.9896,-80.9807
7020,35.2258,-80.8529
7038,45.5965,-122.917
7039,30.2635,-97.7388
7041,37.6164,-122.386
7043,42.2153,-83.3553
7044,38.8368,-104.823
7059,28.249,-81.3093
7064,36.2653,-115.257
7066,38.8079,-104.787
7074,40.7428,-73.9998
7082,38.5801,-90.3258
7086,29.5928,-95.6495
7096,42.3607,-71.0569
7099,38.6102,-122.87
7104,33.8113,-117.919
7136,45.4395,-73.6202
7137,41.5508,-87.2246
7139,33.5625,-86.7513
7142,39.1399,-84.5006
7148,40.4436,-79.9461
7155,33.4458,-86.7327
7158,28.3808,-81.5049
7173,34.3936,-118.466
7175,30.2152,-97.762
7178,43.6467,-79.3902
7204,47.6173,-122.197
7211,28.543,-81.379
7229,40.8901,-73.8908
7230,38.9299,-94.7327
7235,38.7509,-82.9325
7252,38.9282,-94.7415
7261,39.1266,-94.8274
7262,30.2653,-97.7385
7291,29.7703,-95.4083
7301,40.7808,-73.9765
7309,35.0928,-106.647
7313,40.7693,-73.9958
7315,30.2671,-97.7444
7323,30.2608,-97.7382
7332,41.2607,-95.94
7336,39.1057,-94.5856
7337,34.0027,-118.484
7341,40.7756,-73.9824
7350,41.5836,-93.6382
7353,48.7488,-122.478
7372,39.8773,-75.2417
7379,34.1869,-118.624
7382,27.8387,-82.6861
7389,37.7784,-122.389
7444,25.7642,-80.1936
7448,39.1278,-75.4761
7451,34.0268,-118.379
7455,39.916,-75.0679
7465,38.8981,-77.1222
7468,33.3777,-112.171
7469,36.9721,-122.026
7470,43.6494,-79.3762
7473,37.4479,-122.16
7481,40.7205,-74.0114
7484,37.7846,-122.406
7486,37.7963,-122.422
7488,37.7566,-122.421
7494,45.5138,-122.834
7526,37.6725,-122.085
7540,32.8975,-97.0404
7554,29.7363,-95.5495
7556,35.4041,-77.9461
7574,35.0858,-92.4542
7578,32.9476,-96.7297
7588,42.521,-83.0069
7592,41.8694,-87.6242
7601,33.7001,-117.823
7606,37.7732,-122.44
7613,44.9472,-93.3418
7616,40.8504,-74.0749
7624,41.4598,-81.9521
7641,40.7389,-73.9875
7653,37.7831,-122.404
7655,30.3383,-97.8072
7660,37.3973,-122.078
7665,44.4781,-73.2114
7667,29.6283,-98.496
7672,47.6892,-122.152
7673,30.0565,-99.1666
7676,39.9978,-83.0422
7679,41.9163,-87.6877
7689,37.6142,-122.39
7691,48.428,-123.37
7695,39.218,-121.062
7696,37.7905,-122.404
7705,37.7877,-122.166
7721,42.3583,-83.469
7722,33.5889,-101.876
7746,40.4413,-80.152
7747,30.2635,-97.7402
7751,39.3016,-76.5481
7753,35.8798,-86.4064
7758,42.3472,-71.0957
7763,35.9931,-78.9058
7765,37.7823,-122.408
7766,37.4286,-121.92
7778,45.4257,-75.6914
7786,34.1489,-118.343
7804,33.4764,-111.987
7806,37.7764,-122.394
7818,37.4188,-121.954
7819,32.8957,-97.0364
7820,41.3484,-81.6838
7833,35.765,-82.265
7836,39.2915,-76.6154
7838,38.9097,-77.0466
7839,37.3315,-122.031
7846,37.3493,-121.894
7858,32.5929,-96.9509
7865,37.7826,-122.4
7896,32.9162,-96.9824
7950,37.7871,-122.411
7979,38.2774,-122.463
8016,37.5602,-77.4648
8019,43.8493,-79.3521
8024,39.1606,-84.4206
8042,30.2313,-97.7595
8055,33.845,-84.3703
8066,32.7323,-117.147
8088,32.8446,-96.8498
8091,32.9526,-96.9078
8099,32.7883,-96.8032
8102,33.1169,-96.7815
8111,33.0595,-96.7336
8113,38.5775,-121.487
8114,32.9749,-96.7172
8131,37.7784,-122.389
8133,40.708,-74.0115
8134,36.1289,-86.6708
8155,40.8551,-73.9392
8175,34.4964,-118.628
8182,30.2016,-97.6671
8194,37.4163,-122.151
8195,36.6122,-121.942
8204,25.7975,-80.2814
8220,30.179,-96.916
8242,29.7808,-95.7523
8316,37.7867,-122.402
8317,39.1009,-94.5867
8329,37.0207,-121.564
8337,49.2626,-123.078
8344,30.2649,-97.745
8351,33.8493,-84.4922
8362,34.1077,-118.265
8373,35.168,-120.754
8380,32.7356,-97.3663
8384,35.8407,-78.6802
8415,43.6505,-79.3854
8423,40.6112,-74.6871
8453,38.4246,-75.2585
8481,34.4243,-119.706
8489,36.1012,-115.182
8490,33.6685,-117.764
8491,40.7528,-73.9773
8551,37.4448,-122.162
8573,37.7566,-122.419
8577,28.1752,-80.606
8579,29.9509,-95.4098
8582,37.4448,-122.161
8603,36.0666,-79.8153
8607,39.0497,-94.6107
8608,39.0936,-94.6042
8613,32.2364,-110.925
8618,30.2635,-97.7402
8620,40.7336,-74.0021
8623,41.978,-87.9037
8628,30.269,-97.7404
8630,39.2451,-94.45
8648,47.8053,-122.115
8650,37.7884,-122.414
8651,37.4464,-122.16
8662,40.7985,-73.9414
8663,37.209,-93.2903
8668,38.484,-121.818
8679,37.7041,-121.884
8705,34.0027,-118.484
8712,27.9801,-82.4921
8713,30.418,-97.6702
8721,30.3953,-97.7351
8723,30.2861,-97.7419
8743,30.7114,-95.5502
8745,33.1081,-96.8064
8751,30.9079,-94.0155
8752,29.9878,-95.3394
8755,47.6094,-122.34
8761,30.2662,-97.7451
8768,32.9984,-96.9093
8773,30.3691,-97.8615
8775,30.3299,-97.7047
8783,39.9715,-83.0048
8785,29.608,-98.5078
8791,41.978,-87.9037
8803,41.7874,-87.7449
8809,30.2314,-97.7975
8821,34.0709,-118.401
8822,30.2699,-97.7419
8840,30.2669,-97.7066
8853,43.0357,-87.9075
8857,30.3932,-97.7526
8863,30.3065,-97.7452
8867,30.2621,-97.7421
8881,39.8495,-104.674
8883,29.9604,-90.0613
8893,39.961,-84.1698
8901,45.5118,-122.626
8928,25.9946,-80.143
8939,32.7314,-117.155
8945,37.8083,-122.416
8953,39.0805,-84.144
8955,29.8688,-81.2685
8957,44.9467,-93.0971
8979,30.4629,-84.2842
8996,34.1348,-118.049
8997,30.2894,-81.5918
9032,28.376,-81.5494
9033,37.5097,-122.261
9043,32.7602,-97.2354
9050,47.6028,-122.339
9074,41.6999,-88.3147
9078,37.4269,-122.144
9081,25.7903,-80.1384
9094,43.7416,-79.5938
9105,29.829,-81.2717
9145,36.1398,-115.152
9147,37.6116,-122.39
9157,33.9922,-118.471
9158,40.7651,-73.9799
9164,34.0214,-118.403
9167,37.7819,-122.41
9179,40.7588,-73.9718
9192,37.7514,-122.433
9209,29.4238,-98.4877
9216,40.7558,-73.973
9225,39.3672,-76.6512
9239,32.8124,-96.7267
9257,32.7844,-96.7814
9263,32.7641,-96.5822
9268,43.8597,-91.3046
9273,42.4878,-83.1473
9298,48.0398,-122.407
9301,33.0152,-96.6652
9302,32.828,-96.6684
9313,41.912,-87.6315
9340,37.7592,-122.412
9370,33.1597,-96.8392
9371,33.186,-97.1055
9382,39.1182,-94.5901
9392,41.9435,-87.6783
9398,36.1917,-94.5577
9402,33.6331,-91.8014
9427,35.8411,-90.6777
9449,34.7497,-92.3427
9457,34.8098,-92.487
9479,34.7476,-92.2675
9481,33.075,-97.0853
9492,35.0806,-92.2892
9500,34.7465,-92.4032
9502,35.8356,-90.7123
9514,34.7713,-92.3575
9523,28.037,-82.6581
9527,39.7449,-104.997
9528,35.524,-97.5298
9531,39.0572,-94.6056
9568,32.8384,-97.2506
9577,30.5226,-97.8313
9579,32.8384,-97.2506
9645,39.9047,-75.1675
9648,39.9496,-75.159
9665,40.5342,-112.032
9669,28.5157,-81.3794
9682,26.0026,-80.4311
9702,38.8935,-77.0794
9707,29.6173,-95.6052
9717,38.7918,-104.799
9754,30.2592,-97.7485
9758,39.0063,-94.5027
9769,38.9586,-95.2783
9779,46.5124,-84.3385
9781,37.6799,-121.737
9795,35.9101,-78.9857
9801,30.2825,-97.7755
9802,39.9746,-83.003
9811,33.6386,-84.4371
9815,30.267,-97.7445
9819,30.2016,-97.6671
9823,29.6512,-82.3428
9826,32.9779,-96.7675
9832,40.5409,-80.1808
9834,33.6573,-84.4232
9839,33.6386,-84.4371
9844,34.1966,-118.326
9846,30.2628,-97.7622
9851,30.2016,-97.6671
9874,36.1295,-115.113
9876,32.6784,-97.0407
9878,39.5915,-106.433
9880,33.6652,-117.67
9886,33.8838,-118.124
9891,42.3391,-71.2648
9898,37.6164,-122.386
9901,41.0418,-74.0747
9907,42.2516,-71.0114
9959,31.8976,-106.439
9974,38.9202,-77.0319
9985,38.7775,-90.5355
9995,38.4413,-122.714
10139,40.7527,-73.9936
10150,26.2522,-98.2221
10156,30.3709,-97.7574
10157,30.27,-97.7543
10159,30.2434,-97.8827
10165,41.2732,-72.6685
10167,30.3017,-97.7449
10172,30.2894,-97.7412
10173,30.2955,-97.7843
10175,30.2157,-97.7689
10184,30.3087,-97.7551
10190,29.984,-90.2578
10192,30.2893,-97.7408
10203,37.6181,-122.387
10206,33.0777,-96.8211
10218,30.2701,-97.7361
10230,30.4625,-97.7692
10233,32.5356,-92.1006
10234,30.4977,-97.8206
10245,30.3206,-97.7059
10247,30.2699,-97.7493
10249,38.9003,-77.0447
10251,40.4632,-79.9772
10261,30.3381,-97.719
10264,29.8554,-97.9537
10269,30.2675,-97.7413
10270,30.2661,-97.7406
10273,30.3573,-97.7485
10285,30.2602,-97.751
10287,30.5329,-97.7835
10289,30.5221,-97.6865
10290,30.3151,-97.7355
10294,30.2689,-97.7283
10299,30.2811,-97.7452
10302,30.2667,-97.7455
10303,32.8078,-96.8098
10310,35.0476,-106.617
10314,36.0978,-80.251
10321,33.0783,-116.602
10344,30.4242,-91.1577
10359,33.8121,-117.919
10368,42.0908,-87.7978
10374,41.4674,-87.0319
10378,39.0511,-94.5859
10384,36.0907,-95.929
10385,32.8032,-79.9412
10388,28.4675,-81.3088
10392,45.5296,-122.43
10402,37.566,-122.324
10407,42.0107,-87.7656
10409,35.8692,-78.6211
10411,44.934,-93.2319
10415,42.2614,-87.9996
10420,42.0317,-87.683
10424,34.135,-118.051
10426,45.5201,-122.674
10431,42.1496,-88.3375
10436,29.9852,-95.3394
10444,37.3815,-121.996
10445,41.9735,-87.6598
10450,30.3075,-97.7059
10455,38.2469,-122.418
10490,37.7857,-122.429
10497,37.7605,-122.505
10507,32.6793,-97.1284
10524,43.4232,-83.9716
10580,26.4029,-80.0764
10639,33.1267,-96.7325
10642,33.028,-96.7894
10645,40.7617,-111.901
10651,30.2455,-97.7575
10680,40.7273,-73.9997
10714,29.7359,-95.5397
10715,29.7178,-95.5
10716,30.3567,-95.5833
10719,29.9854,-95.5021
10720,29.7507,-95.3622
10730,29.7546,-95.3921
10731,42.1931,-88.0862
10734,29.7418,-95.4458
10735,33.7597,-84.3872
10736,29.7854,-95.4647
10744,29.7627,-95.4169
10755,29.4259,-98.6512
10757,29.751,-95.5108
10759,29.9607,-95.4803
10760,28.596,-81.2849
10769,32.7713,-117.252
10792,28.3474,-81.419
10816,33.7862,-84.3952
10834,31.5959,-96.9884
10842,41.7409,-72.1764
10861,28.6003,-81.3508
10980,40.7181,-73.9901
10984,34.2418,-118.536
10988,40.7006,-73.992
10990,39.7505,-104.999
10996,32.7156,-117.164
11003,45.0417,-93.0099
11004,32.716,-117.163
11006,37.2754,-107.873
11008,33.4934,-117.148
11011,38.8825,-77.1117
11015,30.287,-97.7418
11017,29.7965,-95.4854
11019,32.9409,-97.0769
11028,26.6677,-80.2671
11031,30.2016,-97.6671
11032,32.9376,-97.3126
11035,39.5683,-105.109
11036,35.2224,-80.9412
11038,30.2675,-97.7413
11041,29.8853,-97.9293
11043,29.7834,-95.5339
11053,33.7676,-118.17
11054,29.3781,-98.4604
11055,33.5274,-101.911
11056,31.8683,-102.352
11058,29.7484,-95.3781
11059,29.6634,-95.1123
11060,29.7811,-95.5409
11068,29.787,-95.6453
11071,30.6026,-87.1159
11073,42.3648,-71.1024
11074,41.8787,-87.6397
11076,33.8087,-117.92
11078,32.6789,-97.4509
11081,29.6992,-95.4035
11089,40.0039,-85.7447
11093,49.1296,-123.019
11097,30.298,-97.744
11098,33.1505,-117.181
11099,29.9681,-95.5352
11114,32.9282,-96.8476
11118,33.5563,-117.159
11123,29.8117,-95.1764
11128,36.1027,-115.174
11130,29.7237,-95.4581
11140,29.5939,-95.6227
11145,31.8918,-102.348
11152,37.8509,-121.623
11154,29.9977,-95.1711
11160,41.3278,-72.9605
11169,30.2895,-81.7134
11171,35.9632,-86.8137
11172,26.5291,-81.7577
11180,30.2494,-97.7495
11185,32.906,-97.5332
11186,37.7904,-122.427
11199,47.6089,-122.334
11200,32.4693,-99.7122
11207,47.0691,-122.949
11212,29.4358,-98.501
11213,30.0298,-90.0667
11216,30.3612,-97.7174
11222,29.9316,-96.3752
11223,29.7372,-95.5209
11225,33.7143,-116.236
11227,33.0309,-96.8317
11228,43.0391,-87.9118
11232,33.7703,-118.196
11234,33.8837,-84.4664
11241,37.5875,-77.5005
11246,32.9538,-96.8267
11248,34.0731,-117.907
11256,47.6129,-122.305
11257,32.936,-97.0409
11260,41.7729,-88.1504
11264,36.2775,-86.7959
11270,33.7499,-84.4013
11275,29.7699,-95.3983
11281,29.815,-95.7203
11284,29.6263,-95.5944
11288,30.4033,-97.686
11292,30.3948,-97.7525
11296,29.8513,-97.9465
11297,31.5496,-97.1144
11301,29.7485,-95.378
11302,29.7206,-95.3412
11322,34.0625,-118.354
11330,29.7567,-95.752
11331,30.272,-97.7541
11332,32.8646,-96.7098
11334,39.6576,-79.9633
11345,29.756,-95.6247
11348,32.8852,-117.231
11352,37.7964,-122.422
11354,28.5422,-81.3777
11363,29.757,-95.7525
11364,29.7941,-98.7322
11390,30.2743,-97.7405
11391,30.4229,-97.7001
11398,39.0261,-77.3961
11407,37.7524,-122.421
11411,39.9457,-75.1748
11428,40.7685,-73.9829
11430,33.9803,-117.369
11436,40.4278,-79.9698
11438,44.8274,-93.1658
11439,33.7259,-117.988
11460,47.4434,-122.303
11481,45.5291,-122.695
11493,30.5327,-87.2487
11501,34.0834,-118.348
11505,39.9331,-105.133
11521,40.5498,-80.0192
11525,41.8989,-87.6676
11531,29.8939,-81.3061
11545,33.5032,-111.927
11558,26.5561,-81.9014
11560,34.0035,-118.472
11575,34.7732,-84.7701
11578,42.3616,-71.0816
11591,30.2016,-97.6671
11593,40.7292,-73.9873
11601,45.5889,-122.593
11611,34.1008,-118.325
11617,42.3201,-72.6291
11633,37.8053,-122.417
11634,41.2953,-96.1574
11656,39.7281,-104.999
11677,37.4512,-122.185
11680,38.6345,-90.2914
11708,36.9715,-122.027
11719,29.6515,-82.3235
11727,47.302,-122.581
11729,28.6001,-81.2015
11730,25.6478,-80.3313
11740,47.6758,-122.363
11745,41.5382,-83.6375
11754,47.5614,-122.387
11768,34.8696,-82.4246
11771,41.8977,-87.6282
11776,33.5001,-111.926
11783,40.6865,-73.99
11794,40.7232,-73.983
11860,41.9015,-87.9396
11896,47.6602,-122.368
11902,34.1368,-80.9228
11905,41.9527,-87.7277
11906,47.6325,-122.357
11909,34.1548,-118.467
11921,38.6172,-90.2128
11922,33.7031,-78.9113
11931,34.0211,-118.286
11945,47.6614,-122.34
11968,39.9761,-83.0033
12016,29.6085,-98.5993
12026,39.0915,-94.5564
12037,41.9124,-87.6777
12040,30.271,-97.7535
12049,30.4087,-97.7257
12056,37.4069,-79.2026
12059,44.791,-91.5106
12063,40.0238,-105.258
12066,38.6553,-90.2977
12069,40.7497,-73.847
12083,37.7875,-122.414
12093,30.2582,-97.8077
12107,30.2481,-97.7715
12108,37.6142,-122.39
12146,40.6849,-74.0261
12148,40.7746,-73.872
12149,44.2327,-88.4263
12153,38.5151,-89.997
12184,47.0429,-122.845
12238,41.4632,-75.6435
12276,36.0526,-115.172
12291,32.838,-96.777
12311,32.8806,-97.1042
12312,32.9331,-97.2258
12317,32.9363,-97.0702
12374,38.1108,-77.9138
12397,42.9822,-81.2517
12405,42.0449,-88.035
12433,40.6718,-73.984
12453,39.4974,-76.6568
12480,37.6157,-122.393
12511,41.9132,-87.8466
12566,38.8999,-77.0224
12576,48.4897,-123.388
12593,31.9869,-98.03
12599,37.5046,-122.247
12651,42.2658,-83.7487
12690,39.4993,-76.6557
12709,33.9435,-118.407
12754,43.8683,-79.3116
12818,40.251,-111.658
12822,34.7284,-92.2206
12854,43.6034,-116.248
12864,33.1527,-96.8622
12867,33.6526,-117.645
12894,42.9185,-85.5832
12904,37.6677,-77.5123
12935,36.1218,-95.94
12953,39.9301,-105.127
12981,43.7966,-79.4285
13012,42.9611,-85.6678
13063,44.2262,-76.4914
13067,39.1184,-77.2533
13088,26.7087,-80.0566
13107,40.884,-74.7063
13148,36.0552,-79.9067
13204,26.3363,-81.4364
13242,30.2672,-97.7447
13243,32.8311,-96.7702
13245,41.1695,-85.4864
13254,30.2668,-97.7376
13265,32.905,-96.9828
13267,30.2699,-97.7419
13268,32.8975,-97.0404
13269,29.4706,-98.4647
13274,40.8059,-73.9894
13283,30.2454,-97.7804
13291,27.2975,-82.5308
13297,37.4311,-121.907
13298,30.2371,-97.724
13307,36.0785,-115.29
13321,36.1226,-115.169
13337,30.4339,-97.943
13341,30.4673,-97.804
13358,30.6327,-97.6933
13368,33.042,-96.794
13374,30.371,-97.6915
13377,28.0663,-82.5022
13380,35.472,-97.5144
13383,30.4208,-97.8007
13395,30.2668,-97.7391
13400,33.4212,-111.943
13413,37.779,-122.391
13426,44.0527,-79.4804
13427,34.2689,-84.0847
13429,37.7933,-122.426
13432,32.9603,-117.112
13436,39.4196,-104.841
13459,34.86,-82.2647
13478,35.4353,-97.4476
13483,35.3158,-97.4949
13485,35.3988,-97.5303
13488,45.5714,-122.554
13489,35.7254,-97.9751
13490,47.4979,-122.643
13494,40.7553,-111.889
13495,35.4503,-97.3708
13508,30.4505,-91.1818
13517,35.5247,-97.5454
13522,40.21,-75.2244
13523,35.3174,-97.4913
13527,35.6236,-97.5302
13530,36.1583,-95.9931
13534,35.5563,-97.6542
13541,38.7605,-77.1713
13544,35.3225,-97.4931
13554,35.4858,-97.5412
13559,35.537,-97.6021
13560,35.6534,-97.533
13569,35.4962,-97.5205
13574,39.737,-104.963
13578,35.6125,-97.5834
13579,35.4752,-97.5196
13582,43.8098,-88.0143
13605,35.6096,-97.5581
13608,36.1673,-95.8307
13611,33.5014,-86.7969
13629,33.1955,-96.6372
13638,34.188,-97.1699
13641,32.8975,-97.0404
13643,35.6388,-97.4588
13650,35.2058,-97.4423
13651,47.6922,-114.128
13664,35.5236,-97.5312
13669,35.4773,-97.5128
13677,37.6943,-97.4221
13679,35.5302,-97.5723
13681,44.0426,-123.069
13683,35.565,-97.5704
13691,32.8512,-96.7906
13758,28.5671,-81.206
13785,41.8803,-87.6275
13868,41.0315,-73.7736
13902,38.9129,-75.4287
13904,34.9901,-85.2076
14068,35.0691,-82.3727
14330,32.7716,-117.158
14370,40.128,-83.0219
14400,39.9567,-86.0193
28341,35.4866,-82.5541
28450,39.7358,-75.5601
28889,38.6567,-90.3064
30186,34.8032,-82.6007
31988,34.7171,-82.2547
33375,35.1363,-89.9636
35190,34.0228,-81.0372
36727,33.9459,-84.6271
37817,35.6131,-82.329
41361,32.7808,-79.9327
47512,34.83,-82.3086
56916,34.8677,-82.3718
68353,33.4465,-86.7315
72289,34.6887,-82.8104
72415,35.1872,-80.9259
127749,34.811,-82.3818
133645,34.0177,-80.9642
133647,34.0177,-80.9642
183315,34.8445,-82.4018
